url,status,final_url,title,description,h1_tag_count,h1_text,html_lang,canonical,robots_meta,jsonld_types,img_total,img_missing_alt,internal_links,word_count,issues,error
https://brokeandfixed.com/en,200,https://brokeandfixed.com/en,"Broke & Fixed Home Solutions | Kitchen & Bathroom Remodeling, Painting | Miami-Dade","Kitchen and bathroom remodeling, interior and exterior painting, tile work, and exterior repairs across Kendall, West Kendall, Palmetto Bay, Doral, and all of Miami-Dade. Family owned, fully insured. Call 786-363-7039 for a free estimate.",1,We fix what's broke.We build what's next.,en,https://brokeandfixed.com/en,,,20,1,31,1059,title length 83; description length 238; 1/20 images missing alt,
https://brokeandfixed.com/es,200,https://brokeandfixed.com/es,"Broke & Fixed Home Solutions | Remodelacion de Cocinas y Banos, Pintura | Miami-Dade","Remodelacion de cocinas y banos, pintura interior y exterior, azulejos y reparaciones exteriores en Kendall, Pinecrest, Doral, Palmetto Bay y todo Miami-Dade. Empresa familiar, totalmente asegurada. Llame al 786-363-7039.",1,We fix what's broke.We build what's next.,es,https://brokeandfixed.com/es,,,20,1,31,1068,title length 84; description length 221; 1/20 images missing alt,
https://brokeandfixed.com/en/privacy,200,https://brokeandfixed.com/en/privacy,Privacy Notice | Broke & Fixed,How Broke & Fixed Home Solutions collects and uses information submitted through this site.,1,Privacy Notice,en,https://brokeandfixed.com/en/privacy,,,1,1,5,348,1/1 images missing alt,
https://brokeandfixed.com/es/privacy,200,https://brokeandfixed.com/es/privacy,Aviso de privacidad | Broke & Fixed,Cómo Broke & Fixed Home Solutions recopila y usa la información enviada en este sitio.,1,Aviso de privacidad,es,https://brokeandfixed.com/es/privacy,,,1,1,5,366,1/1 images missing alt,
https://brokeandfixed.com/en/terms,200,https://brokeandfixed.com/en/terms,Terms of Service | Broke & Fixed,"The terms that apply to using the Broke & Fixed Home Solutions website, published starting prices, and downloadable guides.",1,Terms of Service,en,https://brokeandfixed.com/en/terms,,,1,1,6,698,1/1 images missing alt,
https://brokeandfixed.com/es/terms,200,https://brokeandfixed.com/es/terms,Términos de servicio | Broke & Fixed,"Los términos que aplican al uso del sitio de Broke & Fixed Home Solutions, a los estimados publicados y a las guías descargables.",1,Términos de servicio,es,https://brokeandfixed.com/es/terms,,,1,1,6,718,1/1 images missing alt,
https://brokeandfixed.com/en/services/bathroom-remodeling,200,https://brokeandfixed.com/en/services/bathroom-remodeling,Bathroom Remodeling | Miami-Dade | Broke & Fixed Home Solutions,"We turn outdated bathrooms into modern, functional spaces your family will actually enjoy using. From tile and vanities to full gut renovations, we handle every step of the process right here in Miami-Dade. Serving 17 communities across Miami-Dade County. Call 786-363-7039 for a free estimate.",1,Bathroom Remodels That Actually Get Finished,en,https://brokeandfixed.com/en/services/bathroom-remodeling,,BreadcrumbList | Service | AggregateRating | FAQPage,32,1,30,2529,description length 294; hreflang incomplete; 1/32 images missing alt,
https://brokeandfixed.com/es/services/remodelacion-de-banos,200,https://brokeandfixed.com/es/services/remodelacion-de-banos,Remodelación de Baños | Miami-Dade | Broke & Fixed Home Solutions,"Transformamos baños anticuados en espacios modernos y funcionales que tu familia realmente disfrutará. Desde azulejos y vanidades hasta renovaciones completas, manejamos cada paso del proceso aquí en Miami-Dade. Serving 17 communities across Miami-Dade County. Call 786-363-7039 for a free estimate.",1,Remodelaciones de Baño Que Realmente Se Terminan,es,https://brokeandfixed.com/es/services/remodelacion-de-banos,,BreadcrumbList | Service | AggregateRating | FAQPage,32,1,30,2668,description length 299; hreflang incomplete; 1/32 images missing alt,
https://brokeandfixed.com/en/services/kitchen-remodeling,200,https://brokeandfixed.com/en/services/kitchen-remodeling,Kitchen Remodeling | Miami-Dade | Broke & Fixed Home Solutions,"Your kitchen is where everything happens. We remodel kitchens across Miami-Dade with new cabinets, countertops, backsplashes, and layouts that make the space work better for how you actually live. Serving 17 communities across Miami-Dade County. Call 786-363-7039 for a free estimate.",1,Kitchen Remodels Done Right the First Time,en,https://brokeandfixed.com/en/services/kitchen-remodeling,,BreadcrumbList | Service | AggregateRating | FAQPage,33,1,30,2519,description length 284; hreflang incomplete; 1/33 images missing alt,
https://brokeandfixed.com/es/services/remodelacion-de-cocinas,200,https://brokeandfixed.com/es/services/remodelacion-de-cocinas,Remodelación de Cocinas | Miami-Dade | Broke & Fixed Home Solutions,"Tu cocina es donde todo sucede. Remodelamos cocinas en todo Miami-Dade con nuevos gabinetes, encimeras, salpicaderos y distribuciones que hacen que el espacio funcione mejor para tu estilo de vida. Serving 17 communities across Miami-Dade County. Call 786-363-7039 for a free estimate.",1,Remodelaciones de Cocina Bien Hechas la Primera Vez,es,https://brokeandfixed.com/es/services/remodelacion-de-cocinas,,BreadcrumbList | Service | AggregateRating | FAQPage,33,1,30,2603,title length 67; description length 285; hreflang incomplete; 1/33 images missing alt,
https://brokeandfixed.com/en/services/interior-painting,200,https://brokeandfixed.com/en/services/interior-painting,Interior Painting | Miami-Dade | Broke & Fixed Home Solutions,"A fresh coat of paint changes everything. We prep surfaces the right way, protect your floors and furniture, and leave clean lines every time. We work with all kinds of homes across Miami-Dade. Serving 17 communities across Miami-Dade County. Call 786-363-7039 for a free estimate.",1,"Interior Painting Done Like a Trade, Not a Side Hustle",en,https://brokeandfixed.com/en/services/interior-painting,,BreadcrumbList | Service | AggregateRating | FAQPage,31,1,30,2415,description length 281; hreflang incomplete; 1/31 images missing alt,
https://brokeandfixed.com/es/services/pintura-interior,200,https://brokeandfixed.com/es/services/pintura-interior,Pintura Interior | Miami-Dade | Broke & Fixed Home Solutions,"Una mano de pintura fresca lo cambia todo. Preparamos las superficies correctamente, protegemos tus pisos y muebles, y dejamos líneas limpias siempre. Trabajamos con todo tipo de hogares en Miami-Dade. Serving 17 communities across Miami-Dade County. Call 786-363-7039 for a free estimate.",1,"Pintura Interior Hecha Como Oficio, No Trabajo Extra",es,https://brokeandfixed.com/es/services/pintura-interior,,BreadcrumbList | Service | AggregateRating | FAQPage,31,1,30,2390,description length 289; hreflang incomplete; 1/31 images missing alt,
https://brokeandfixed.com/en/services/exterior-painting,200,https://brokeandfixed.com/en/services/exterior-painting,Exterior Painting | Miami-Dade | Broke & Fixed Home Solutions,"South Florida weather is rough on paint. We pressure wash, scrape, prime, and apply coatings built to handle the heat, humidity, and rain. Your home's curb appeal matters and we take it seriously. Serving 17 communities across Miami-Dade County. Call 786-363-7039 for a free estimate.",1,Exterior Paint Built for South Florida Weather,en,https://brokeandfixed.com/en/services/exterior-painting,,BreadcrumbList | Service | AggregateRating | FAQPage,30,1,30,2378,description length 284; hreflang incomplete; 1/30 images missing alt,
https://brokeandfixed.com/es/services/pintura-exterior,200,https://brokeandfixed.com/es/services/pintura-exterior,Pintura Exterior | Miami-Dade | Broke & Fixed Home Solutions,"El clima del sur de Florida es duro con la pintura. Lavamos a presión, raspamos, aplicamos imprimante y usamos recubrimientos diseñados para el calor, la humedad y la lluvia. La apariencia de tu hogar importa y lo tomamos en serio. Serving 17 communities across Miami-Dade County. Call 786-363-7039 for a free estimate.",1,Pintura Exterior Construida para el Clima del Sur de Florida,es,https://brokeandfixed.com/es/services/pintura-exterior,,BreadcrumbList | Service | AggregateRating | FAQPage,30,1,30,2387,description length 319; hreflang incomplete; 1/30 images missing alt,
https://brokeandfixed.com/en/services/tile-work,200,https://brokeandfixed.com/en/services/tile-work,Tile Work | Miami-Dade | Broke & Fixed Home Solutions,"We install tile for floors, showers, backsplashes, and more. Porcelain, ceramic, natural stone, large format, whatever the material, we set it level, grouted tight, and built to last in Miami's climate. Serving 17 communities across Miami-Dade County. Call 786-363-7039 for a free estimate.",1,"Tile Set Level, Grouted Tight, Built to Last",en,https://brokeandfixed.com/en/services/tile-work,,BreadcrumbList | Service | AggregateRating | FAQPage,31,1,30,2432,description length 290; hreflang incomplete; 1/31 images missing alt,
https://brokeandfixed.com/es/services/instalacion-de-pisos,200,https://brokeandfixed.com/es/services/instalacion-de-pisos,Instalación de Pisos | Miami-Dade | Broke & Fixed Home Solutions,"Instalamos azulejos para pisos, duchas, salpicaderos y más. Porcelanato, cerámica, piedra natural, formato grande, cualquiera que sea el material, lo colocamos nivelado, con juntas firmes y hecho para durar en el clima de Miami. Serving 17 communities across Miami-Dade County. Call 786-363-7039 for a free estimate.",1,"Azulejo Nivelado, Lechada Firme, Hecho para Durar",es,https://brokeandfixed.com/es/services/instalacion-de-pisos,,BreadcrumbList | Service | AggregateRating | FAQPage,31,1,30,2370,description length 316; hreflang incomplete; 1/31 images missing alt,
https://brokeandfixed.com/en/services/exterior-repairs,200,https://brokeandfixed.com/en/services/exterior-repairs,Exterior Repairs | Miami-Dade | Broke & Fixed Home Solutions,"Cracked stucco, rotting fascia, damaged soffits, water intrusion issues. We fix the exterior problems that South Florida homes deal with constantly. Small repairs now save you from big bills later. Serving 17 communities across Miami-Dade County. Call 786-363-7039 for a free estimate.",1,Exterior Repairs That Stop Bigger Bills Later,en,https://brokeandfixed.com/en/services/exterior-repairs,,BreadcrumbList | Service | AggregateRating | FAQPage,29,1,30,2335,description length 285; hreflang incomplete; 1/29 images missing alt,
https://brokeandfixed.com/es/services/reparaciones-exteriores,200,https://brokeandfixed.com/es/services/reparaciones-exteriores,Reparaciones Exteriores | Miami-Dade | Broke & Fixed Home Solutions,"Estuco agrietado, fascia podrida, sofitos dañados, problemas de intrusión de agua. Reparamos los problemas exteriores que las casas del sur de Florida enfrentan constantemente. Reparaciones pequeñas ahora te ahorran facturas grandes después. Serving 17 communities across Miami-Dade County. Call 786-363-7039 for a free estimate.",1,Reparaciones Exteriores que Detienen Cuentas Mayores,es,https://brokeandfixed.com/es/services/reparaciones-exteriores,,BreadcrumbList | Service | AggregateRating | FAQPage,29,1,30,2338,title length 67; description length 329; hreflang incomplete; 1/29 images missing alt,
https://brokeandfixed.com/en/services/cabinet-refinishing,200,https://brokeandfixed.com/en/services/cabinet-refinishing,Cabinet Refinishing | Miami-Dade | Broke & Fixed Home Solutions,"If your kitchen cabinets are solid wood and the layout still works, refinishing gets you what looks like a new kitchen for a fraction of the cost. We strip, sand, prime, and spray with post-catalyzed lacquer or 2K polyurethane. The finish lasts 10 to 15 years and is more durable than what comes from the factory on most new cabinets. Serving 17 communities across Miami-Dade County. Call 786-363-7039 for a free estimate.",1,Cabinet Refinishing That Beats Factory Finishes,en,https://brokeandfixed.com/en/services/cabinet-refinishing,,BreadcrumbList | Service | AggregateRating | FAQPage,30,1,30,2468,description length 422; hreflang incomplete; 1/30 images missing alt,
https://brokeandfixed.com/es/services/renovacion-de-gabinetes,200,https://brokeandfixed.com/es/services/renovacion-de-gabinetes,Renovación de Gabinetes | Miami-Dade | Broke & Fixed Home Solutions,"Si los gabinetes de tu cocina son de madera sólida y la distribución todavía funciona, renovarlos te da lo que parece una cocina nueva por una fracción del costo. Quitamos el acabado, lijamos, aplicamos primer y rociamos con laca post-catalizada o poliuretano 2K. El acabado dura 10 a 15 años y es más duradero que el de fábrica en la mayoría de los gabinetes nuevos. Serving 17 communities across Miami-Dade County. Call 786-363-7039 for a free estimate.",1,Renovación de Gabinetes Que Supera Acabados de Fábrica,es,https://brokeandfixed.com/es/services/renovacion-de-gabinetes,,BreadcrumbList | Service | AggregateRating | FAQPage,30,1,30,2431,title length 67; description length 455; hreflang incomplete; 1/30 images missing alt,
https://brokeandfixed.com/en/locations/kendall,200,https://brokeandfixed.com/en/locations/kendall,"Home Remodeling in Kendall, FL | Broke & Fixed","Kitchen and bathroom remodeling, painting, and tile in Kendall, FL. Family owned, fully insured. Free estimates, fast response. Call (786) 363-7039.",1,"Home Remodeling in Kendall, FL",en,https://brokeandfixed.com/en/locations/kendall,,BreadcrumbList | LocalBusiness,9,1,16,472,hreflang incomplete; 1/9 images missing alt,
https://brokeandfixed.com/es/locations/kendall,200,https://brokeandfixed.com/es/locations/kendall,"Remodelacion de Hogares en Kendall, FL | Broke & Fixed","Remodelacion de cocinas y banos, pintura y azulejos en Kendall, FL. Empresa familiar, totalmente asegurada. Presupuesto gratis. Llame al (786) 363-7039.",1,"Remodelacion de Hogares en Kendall, FL",es,https://brokeandfixed.com/es/locations/kendall,,BreadcrumbList | LocalBusiness,9,1,16,483,hreflang incomplete; 1/9 images missing alt,
https://brokeandfixed.com/en/locations/west-kendall,200,https://brokeandfixed.com/en/locations/west-kendall,"Home Remodeling in West Kendall, FL | Broke & Fixed","Kitchen and bathroom remodeling, painting, and tile in West Kendall, FL. Family owned, fully insured. Free estimates, fast response. Call (786) 363-7039.",1,"Home Remodeling in West Kendall, FL",en,https://brokeandfixed.com/en/locations/west-kendall,,BreadcrumbList | LocalBusiness,9,1,16,470,hreflang incomplete; 1/9 images missing alt,
https://brokeandfixed.com/es/locations/west-kendall,200,https://brokeandfixed.com/es/locations/west-kendall,"Remodelacion de Hogares en West Kendall, FL | Broke & Fixed","Remodelacion de cocinas y banos, pintura y azulejos en West Kendall, FL. Empresa familiar, totalmente asegurada. Presupuesto gratis. Llame al (786) 363-7039.",1,"Remodelacion de Hogares en West Kendall, FL",es,https://brokeandfixed.com/es/locations/west-kendall,,BreadcrumbList | LocalBusiness,9,1,16,487,hreflang incomplete; 1/9 images missing alt,
https://brokeandfixed.com/en/locations/palmetto-bay,200,https://brokeandfixed.com/en/locations/palmetto-bay,"Home Remodeling in Palmetto Bay, FL | Broke & Fixed","Kitchen and bathroom remodeling, painting, and tile in Palmetto Bay, FL. Family owned, fully insured. Free estimates, fast response. Call (786) 363-7039.",1,"Home Remodeling in Palmetto Bay, FL",en,https://brokeandfixed.com/en/locations/palmetto-bay,,BreadcrumbList | LocalBusiness,9,1,15,478,hreflang incomplete; 1/9 images missing alt,
https://brokeandfixed.com/es/locations/palmetto-bay,200,https://brokeandfixed.com/es/locations/palmetto-bay,"Remodelacion de Hogares en Palmetto Bay, FL | Broke & Fixed","Remodelacion de cocinas y banos, pintura y azulejos en Palmetto Bay, FL. Empresa familiar, totalmente asegurada. Presupuesto gratis. Llame al (786) 363-7039.",1,"Remodelacion de Hogares en Palmetto Bay, FL",es,https://brokeandfixed.com/es/locations/palmetto-bay,,BreadcrumbList | LocalBusiness,9,1,15,487,hreflang incomplete; 1/9 images missing alt,
https://brokeandfixed.com/en/locations/doral,200,https://brokeandfixed.com/en/locations/doral,"Home Remodeling in Doral, FL | Broke & Fixed","Kitchen and bathroom remodeling, painting, and tile in Doral, FL. Family owned, fully insured. Free estimates, fast response. Call (786) 363-7039.",1,"Home Remodeling in Doral, FL",en,https://brokeandfixed.com/en/locations/doral,,BreadcrumbList | LocalBusiness,9,1,15,460,hreflang incomplete; 1/9 images missing alt,
https://brokeandfixed.com/es/locations/doral,200,https://brokeandfixed.com/es/locations/doral,"Remodelacion de Hogares en Doral, FL | Broke & Fixed","Remodelacion de cocinas y banos, pintura y azulejos en Doral, FL. Empresa familiar, totalmente asegurada. Presupuesto gratis. Llame al (786) 363-7039.",1,"Remodelacion de Hogares en Doral, FL",es,https://brokeandfixed.com/es/locations/doral,,BreadcrumbList | LocalBusiness,9,1,15,465,hreflang incomplete; 1/9 images missing alt,
https://brokeandfixed.com/en/locations/the-hammocks,200,https://brokeandfixed.com/en/locations/the-hammocks,"Home Remodeling in The Hammocks, FL | Broke & Fixed","Kitchen and bathroom remodeling, painting, and tile in The Hammocks, FL. Family owned, fully insured. Free estimates, fast response. Call (786) 363-7039.",1,"Home Remodeling in The Hammocks, FL",en,https://brokeandfixed.com/en/locations/the-hammocks,,BreadcrumbList | LocalBusiness,9,1,15,482,hreflang incomplete; 1/9 images missing alt,
https://brokeandfixed.com/es/locations/the-hammocks,200,https://brokeandfixed.com/es/locations/the-hammocks,"Remodelacion de Hogares en The Hammocks, FL | Broke & Fixed","Remodelacion de cocinas y banos, pintura y azulejos en The Hammocks, FL. Empresa familiar, totalmente asegurada. Presupuesto gratis. Llame al (786) 363-7039.",1,"Remodelacion de Hogares en The Hammocks, FL",es,https://brokeandfixed.com/es/locations/the-hammocks,,BreadcrumbList | LocalBusiness,9,1,15,487,hreflang incomplete; 1/9 images missing alt,
https://brokeandfixed.com/en/locations/the-crossings,200,https://brokeandfixed.com/en/locations/the-crossings,"Home Remodeling in The Crossings, FL | Broke & Fixed","Kitchen and bathroom remodeling, painting, and tile in The Crossings, FL. Family owned, fully insured. Free estimates, fast response. Call (786) 363-7039.",1,"Home Remodeling in The Crossings, FL",en,https://brokeandfixed.com/en/locations/the-crossings,,BreadcrumbList | LocalBusiness,9,1,16,478,hreflang incomplete; 1/9 images missing alt,
https://brokeandfixed.com/es/locations/the-crossings,200,https://brokeandfixed.com/es/locations/the-crossings,"Remodelacion de Hogares en The Crossings, FL | Broke & Fixed","Remodelacion de cocinas y banos, pintura y azulejos en The Crossings, FL. Empresa familiar, totalmente asegurada. Presupuesto gratis. Llame al (786) 363-7039.",1,"Remodelacion de Hogares en The Crossings, FL",es,https://brokeandfixed.com/es/locations/the-crossings,,BreadcrumbList | LocalBusiness,9,1,16,491,hreflang incomplete; 1/9 images missing alt,
https://brokeandfixed.com/en/locations/kendale-lakes,200,https://brokeandfixed.com/en/locations/kendale-lakes,"Home Remodeling in Kendale Lakes, FL | Broke & Fixed","Kitchen and bathroom remodeling, painting, and tile in Kendale Lakes, FL. Family owned, fully insured. Free estimates, fast response. Call (786) 363-7039.",1,"Home Remodeling in Kendale Lakes, FL",en,https://brokeandfixed.com/en/locations/kendale-lakes,,BreadcrumbList | LocalBusiness,9,1,16,479,hreflang incomplete; 1/9 images missing alt,
https://brokeandfixed.com/es/locations/kendale-lakes,200,https://brokeandfixed.com/es/locations/kendale-lakes,"Remodelacion de Hogares en Kendale Lakes, FL | Broke & Fixed","Remodelacion de cocinas y banos, pintura y azulejos en Kendale Lakes, FL. Empresa familiar, totalmente asegurada. Presupuesto gratis. Llame al (786) 363-7039.",1,"Remodelacion de Hogares en Kendale Lakes, FL",es,https://brokeandfixed.com/es/locations/kendale-lakes,,BreadcrumbList | LocalBusiness,9,1,16,488,hreflang incomplete; 1/9 images missing alt,
https://brokeandfixed.com/en/locations/sweetwater,200,https://brokeandfixed.com/en/locations/sweetwater,"Home Remodeling in Sweetwater, FL | Broke & Fixed","Kitchen and bathroom remodeling, painting, and tile in Sweetwater, FL. Family owned, fully insured. Free estimates, fast response. Call (786) 363-7039.",1,"Home Remodeling in Sweetwater, FL",en,https://brokeandfixed.com/en/locations/sweetwater,,BreadcrumbList | LocalBusiness,9,1,15,461,hreflang incomplete; 1/9 images missing alt,
https://brokeandfixed.com/es/locations/sweetwater,200,https://brokeandfixed.com/es/locations/sweetwater,"Remodelacion de Hogares en Sweetwater, FL | Broke & Fixed","Remodelacion de cocinas y banos, pintura y azulejos en Sweetwater, FL. Empresa familiar, totalmente asegurada. Presupuesto gratis. Llame al (786) 363-7039.",1,"Remodelacion de Hogares en Sweetwater, FL",es,https://brokeandfixed.com/es/locations/sweetwater,,BreadcrumbList | LocalBusiness,9,1,15,480,hreflang incomplete; 1/9 images missing alt,
https://brokeandfixed.com/en/locations/cutler-bay,200,https://brokeandfixed.com/en/locations/cutler-bay,"Home Remodeling in Cutler Bay, FL | Broke & Fixed","Kitchen and bathroom remodeling, painting, and tile in Cutler Bay, FL. Family owned, fully insured. Free estimates, fast response. Call (786) 363-7039.",1,"Home Remodeling in Cutler Bay, FL",en,https://brokeandfixed.com/en/locations/cutler-bay,,BreadcrumbList | LocalBusiness,9,1,15,474,hreflang incomplete; 1/9 images missing alt,
https://brokeandfixed.com/es/locations/cutler-bay,200,https://brokeandfixed.com/es/locations/cutler-bay,"Remodelacion de Hogares en Cutler Bay, FL | Broke & Fixed","Remodelacion de cocinas y banos, pintura y azulejos en Cutler Bay, FL. Empresa familiar, totalmente asegurada. Presupuesto gratis. Llame al (786) 363-7039.",1,"Remodelacion de Hogares en Cutler Bay, FL",es,https://brokeandfixed.com/es/locations/cutler-bay,,BreadcrumbList | LocalBusiness,9,1,15,487,hreflang incomplete; 1/9 images missing alt,
https://brokeandfixed.com/en/locations/pinecrest,200,https://brokeandfixed.com/en/locations/pinecrest,"Home Remodeling in Pinecrest, FL | Broke & Fixed","Kitchen and bathroom remodeling, painting, and tile in Pinecrest, FL. Family owned, fully insured. Free estimates, fast response. Call (786) 363-7039.",1,"Home Remodeling in Pinecrest, FL",en,https://brokeandfixed.com/en/locations/pinecrest,,BreadcrumbList | LocalBusiness,9,1,16,474,hreflang incomplete; 1/9 images missing alt,
https://brokeandfixed.com/es/locations/pinecrest,200,https://brokeandfixed.com/es/locations/pinecrest,"Remodelacion de Hogares en Pinecrest, FL | Broke & Fixed","Remodelacion de cocinas y banos, pintura y azulejos en Pinecrest, FL. Empresa familiar, totalmente asegurada. Presupuesto gratis. Llame al (786) 363-7039.",1,"Remodelacion de Hogares en Pinecrest, FL",es,https://brokeandfixed.com/es/locations/pinecrest,,BreadcrumbList | LocalBusiness,9,1,16,487,hreflang incomplete; 1/9 images missing alt,
https://brokeandfixed.com/en/locations/south-miami,200,https://brokeandfixed.com/en/locations/south-miami,"Home Remodeling in South Miami, FL | Broke & Fixed","Kitchen and bathroom remodeling, painting, and tile in South Miami, FL. Family owned, fully insured. Free estimates, fast response. Call (786) 363-7039.",1,"Home Remodeling in South Miami, FL",en,https://brokeandfixed.com/en/locations/south-miami,,BreadcrumbList | LocalBusiness,9,1,16,480,hreflang incomplete; 1/9 images missing alt,
https://brokeandfixed.com/es/locations/south-miami,200,https://brokeandfixed.com/es/locations/south-miami,"Remodelacion de Hogares en South Miami, FL | Broke & Fixed","Remodelacion de cocinas y banos, pintura y azulejos en South Miami, FL. Empresa familiar, totalmente asegurada. Presupuesto gratis. Llame al (786) 363-7039.",1,"Remodelacion de Hogares en South Miami, FL",es,https://brokeandfixed.com/es/locations/south-miami,,BreadcrumbList | LocalBusiness,9,1,16,487,hreflang incomplete; 1/9 images missing alt,
https://brokeandfixed.com/en/locations/south-miami-heights,200,https://brokeandfixed.com/en/locations/south-miami-heights,"Home Remodeling in South Miami Heights, FL | Broke & Fixed","Kitchen and bathroom remodeling, painting, and tile in South Miami Heights, FL. Family owned, fully insured. Free estimates, fast response. Call (786) 363-7039.",1,"Home Remodeling in South Miami Heights, FL",en,https://brokeandfixed.com/en/locations/south-miami-heights,,BreadcrumbList | LocalBusiness,9,1,16,483,hreflang incomplete; 1/9 images missing alt,
https://brokeandfixed.com/es/locations/south-miami-heights,200,https://brokeandfixed.com/es/locations/south-miami-heights,"Remodelacion de Hogares en South Miami Heights, FL | Broke & Fixed","Remodelacion de cocinas y banos, pintura y azulejos en South Miami Heights, FL. Empresa familiar, totalmente asegurada. Presupuesto gratis. Llame al (786) 363-7039.",1,"Remodelacion de Hogares en South Miami Heights, FL",es,https://brokeandfixed.com/es/locations/south-miami-heights,,BreadcrumbList | LocalBusiness,9,1,16,500,title length 66; hreflang incomplete; 1/9 images missing alt,
https://brokeandfixed.com/en/locations/miami-gardens,200,https://brokeandfixed.com/en/locations/miami-gardens,"Home Remodeling in Miami Gardens, FL | Broke & Fixed","Kitchen and bathroom remodeling, painting, and tile in Miami Gardens, FL. Family owned, fully insured. Free estimates, fast response. Call (786) 363-7039.",1,"Home Remodeling in Miami Gardens, FL",en,https://brokeandfixed.com/en/locations/miami-gardens,,BreadcrumbList | LocalBusiness,9,1,13,468,hreflang incomplete; 1/9 images missing alt,
https://brokeandfixed.com/es/locations/miami-gardens,200,https://brokeandfixed.com/es/locations/miami-gardens,"Remodelacion de Hogares en Miami Gardens, FL | Broke & Fixed","Remodelacion de cocinas y banos, pintura y azulejos en Miami Gardens, FL. Empresa familiar, totalmente asegurada. Presupuesto gratis. Llame al (786) 363-7039.",1,"Remodelacion de Hogares en Miami Gardens, FL",es,https://brokeandfixed.com/es/locations/miami-gardens,,BreadcrumbList | LocalBusiness,9,1,13,479,hreflang incomplete; 1/9 images missing alt,
https://brokeandfixed.com/en/locations/westchester,200,https://brokeandfixed.com/en/locations/westchester,"Home Remodeling in Westchester, FL | Broke & Fixed","Kitchen and bathroom remodeling, painting, and tile in Westchester, FL. Family owned, fully insured. Free estimates, fast response. Call (786) 363-7039.",1,"Home Remodeling in Westchester, FL",en,https://brokeandfixed.com/en/locations/westchester,,BreadcrumbList | LocalBusiness,9,1,16,466,hreflang incomplete; 1/9 images missing alt,
https://brokeandfixed.com/es/locations/westchester,200,https://brokeandfixed.com/es/locations/westchester,"Remodelacion de Hogares en Westchester, FL | Broke & Fixed","Remodelacion de cocinas y banos, pintura y azulejos en Westchester, FL. Empresa familiar, totalmente asegurada. Presupuesto gratis. Llame al (786) 363-7039.",1,"Remodelacion de Hogares en Westchester, FL",es,https://brokeandfixed.com/es/locations/westchester,,BreadcrumbList | LocalBusiness,9,1,16,479,hreflang incomplete; 1/9 images missing alt,
https://brokeandfixed.com/en/locations/coral-gables,200,https://brokeandfixed.com/en/locations/coral-gables,"Home Remodeling in Coral Gables, FL | Broke & Fixed","Kitchen and bathroom remodeling, painting, and tile in Coral Gables, FL. Family owned, fully insured. Free estimates, fast response. Call (786) 363-7039.",1,"Home Remodeling in Coral Gables, FL",en,https://brokeandfixed.com/en/locations/coral-gables,,BreadcrumbList | LocalBusiness,9,1,16,476,hreflang incomplete; 1/9 images missing alt,
https://brokeandfixed.com/es/locations/coral-gables,200,https://brokeandfixed.com/es/locations/coral-gables,"Remodelacion de Hogares en Coral Gables, FL | Broke & Fixed","Remodelacion de cocinas y banos, pintura y azulejos en Coral Gables, FL. Empresa familiar, totalmente asegurada. Presupuesto gratis. Llame al (786) 363-7039.",1,"Remodelacion de Hogares en Coral Gables, FL",es,https://brokeandfixed.com/es/locations/coral-gables,,BreadcrumbList | LocalBusiness,9,1,16,479,hreflang incomplete; 1/9 images missing alt,
https://brokeandfixed.com/en/locations/country-walk,200,https://brokeandfixed.com/en/locations/country-walk,"Home Remodeling in Country Walk, FL | Broke & Fixed","Kitchen and bathroom remodeling, painting, and tile in Country Walk, FL. Family owned, fully insured. Free estimates, fast response. Call (786) 363-7039.",1,"Home Remodeling in Country Walk, FL",en,https://brokeandfixed.com/en/locations/country-walk,,BreadcrumbList | LocalBusiness,9,1,16,486,hreflang incomplete; 1/9 images missing alt,
https://brokeandfixed.com/es/locations/country-walk,200,https://brokeandfixed.com/es/locations/country-walk,"Remodelacion de Hogares en Country Walk, FL | Broke & Fixed","Remodelacion de cocinas y banos, pintura y azulejos en Country Walk, FL. Empresa familiar, totalmente asegurada. Presupuesto gratis. Llame al (786) 363-7039.",1,"Remodelacion de Hogares en Country Walk, FL",es,https://brokeandfixed.com/es/locations/country-walk,,BreadcrumbList | LocalBusiness,9,1,16,503,hreflang incomplete; 1/9 images missing alt,
https://brokeandfixed.com/en/locations/coconut-grove,200,https://brokeandfixed.com/en/locations/coconut-grove,"Home Remodeling in Coconut Grove, FL | Broke & Fixed","Kitchen and bathroom remodeling, painting, and tile in Coconut Grove, FL. Family owned, fully insured. Free estimates, fast response. Call (786) 363-7039.",1,"Home Remodeling in Coconut Grove, FL",en,https://brokeandfixed.com/en/locations/coconut-grove,,BreadcrumbList | LocalBusiness,9,1,14,466,hreflang incomplete; 1/9 images missing alt,
https://brokeandfixed.com/es/locations/coconut-grove,200,https://brokeandfixed.com/es/locations/coconut-grove,"Remodelacion de Hogares en Coconut Grove, FL | Broke & Fixed","Remodelacion de cocinas y banos, pintura y azulejos en Coconut Grove, FL. Empresa familiar, totalmente asegurada. Presupuesto gratis. Llame al (786) 363-7039.",1,"Remodelacion de Hogares en Coconut Grove, FL",es,https://brokeandfixed.com/es/locations/coconut-grove,,BreadcrumbList | LocalBusiness,9,1,14,479,hreflang incomplete; 1/9 images missing alt,
https://brokeandfixed.com/en/services/bathroom-remodeling/kendall,200,https://brokeandfixed.com/en/services/bathroom-remodeling/kendall,"Bathroom Remodeling in Kendall, FL | Broke & Fixed","Bathroom remodeling in Kendall, FL. Walk-in showers, vanities, tile work, and full gut remodels. Call Broke and Fixed 305 for a free estimate.",1,"Bathroom Remodeling in Kendall, FL",en,https://brokeandfixed.com/en/services/bathroom-remodeling/kendall,,Service | LocalBusiness | FAQPage | BreadcrumbList,6,1,18,812,1/6 images missing alt,
https://brokeandfixed.com/es/services/remodelacion-de-banos/kendall,200,https://brokeandfixed.com/es/services/remodelacion-de-banos/kendall,"Remodelación de Baños en Kendall, FL | Broke & Fixed","Remodelación de Baños en Kendall, FL. Transformamos baños anticuados en espacios modernos y funcionales que tu familia realmente disfrutará. Desde azulejos y vanidades hasta renovaciones completas, manejamos cada paso del proceso aquí en Miami-Dade. Llame al 786-363-7039 para un presupuesto gratis.",1,"Remodelación de Baños en Kendall, FL",es,https://brokeandfixed.com/es/services/remodelacion-de-banos/kendall,,Service | LocalBusiness | FAQPage | BreadcrumbList,6,1,18,838,description length 299; 1/6 images missing alt,
https://brokeandfixed.com/en/services/bathroom-remodeling/west-kendall,200,https://brokeandfixed.com/en/services/bathroom-remodeling/west-kendall,"Bathroom Remodeling in West Kendall, FL | Broke & Fixed","West Kendall bathroom remodeling. Garden tub to shower conversions, tile upgrades, and full renovations. Free estimates from Broke and Fixed 305.",1,"Bathroom Remodeling in West Kendall, FL",en,https://brokeandfixed.com/en/services/bathroom-remodeling/west-kendall,,Service | LocalBusiness | FAQPage | BreadcrumbList,6,1,18,762,1/6 images missing alt,
https://brokeandfixed.com/es/services/remodelacion-de-banos/west-kendall,200,https://brokeandfixed.com/es/services/remodelacion-de-banos/west-kendall,"Remodelación de Baños en West Kendall, FL | Broke & Fixed","Remodelación de Baños en West Kendall, FL. Transformamos baños anticuados en espacios modernos y funcionales que tu familia realmente disfrutará. Desde azulejos y vanidades hasta renovaciones completas, manejamos cada paso del proceso aquí en Miami-Dade. Llame al 786-363-7039 para un presupuesto gratis.",1,"Remodelación de Baños en West Kendall, FL",es,https://brokeandfixed.com/es/services/remodelacion-de-banos/west-kendall,,Service | LocalBusiness | FAQPage | BreadcrumbList,6,1,18,788,description length 304; 1/6 images missing alt,
https://brokeandfixed.com/en/services/bathroom-remodeling/palmetto-bay,200,https://brokeandfixed.com/en/services/bathroom-remodeling/palmetto-bay,"Bathroom Remodeling in Palmetto Bay, FL | Broke & Fixed","Palmetto Bay bathroom remodeling with premium tile, custom vanities, and walk-in showers. Quality work for quality homes. Call Broke and Fixed 305.",1,"Bathroom Remodeling in Palmetto Bay, FL",en,https://brokeandfixed.com/en/services/bathroom-remodeling/palmetto-bay,,Service | LocalBusiness | FAQPage | BreadcrumbList,6,1,17,751,1/6 images missing alt,
https://brokeandfixed.com/es/services/remodelacion-de-banos/palmetto-bay,200,https://brokeandfixed.com/es/services/remodelacion-de-banos/palmetto-bay,"Remodelación de Baños en Palmetto Bay, FL | Broke & Fixed","Remodelación de Baños en Palmetto Bay, FL. Transformamos baños anticuados en espacios modernos y funcionales que tu familia realmente disfrutará. Desde azulejos y vanidades hasta renovaciones completas, manejamos cada paso del proceso aquí en Miami-Dade. Llame al 786-363-7039 para un presupuesto gratis.",1,"Remodelación de Baños en Palmetto Bay, FL",es,https://brokeandfixed.com/es/services/remodelacion-de-banos/palmetto-bay,,Service | LocalBusiness | FAQPage | BreadcrumbList,6,1,17,777,description length 304; 1/6 images missing alt,
https://brokeandfixed.com/en/services/bathroom-remodeling/doral,200,https://brokeandfixed.com/en/services/bathroom-remodeling/doral,"Bathroom Remodeling in Doral, FL | Broke & Fixed","Bathroom remodeling in Doral, FL. Condo and home renovations with quality tile, vanities, and fixtures. Get a free quote from Broke and Fixed 305.",1,"Bathroom Remodeling in Doral, FL",en,https://brokeandfixed.com/en/services/bathroom-remodeling/doral,,Service | LocalBusiness | FAQPage | BreadcrumbList,6,1,17,797,1/6 images missing alt,
https://brokeandfixed.com/es/services/remodelacion-de-banos/doral,200,https://brokeandfixed.com/es/services/remodelacion-de-banos/doral,"Remodelación de Baños en Doral, FL | Broke & Fixed","Remodelación de Baños en Doral, FL. Transformamos baños anticuados en espacios modernos y funcionales que tu familia realmente disfrutará. Desde azulejos y vanidades hasta renovaciones completas, manejamos cada paso del proceso aquí en Miami-Dade. Llame al 786-363-7039 para un presupuesto gratis.",1,"Remodelación de Baños en Doral, FL",es,https://brokeandfixed.com/es/services/remodelacion-de-banos/doral,,Service | LocalBusiness | FAQPage | BreadcrumbList,6,1,17,823,description length 297; 1/6 images missing alt,
https://brokeandfixed.com/en/services/bathroom-remodeling/the-hammocks,200,https://brokeandfixed.com/en/services/bathroom-remodeling/the-hammocks,"Bathroom Remodeling in The Hammocks, FL | Broke & Fixed","Bathroom remodeling in The Hammocks, West Kendall Miami. Garden-tub-to-walk-in-shower conversions, porcelain tile, floating vanities. Free estimates.",1,"Bathroom Remodeling in The Hammocks, FL",en,https://brokeandfixed.com/en/services/bathroom-remodeling/the-hammocks,,Service | LocalBusiness | FAQPage | BreadcrumbList,6,1,17,2322,1/6 images missing alt,
https://brokeandfixed.com/es/services/remodelacion-de-banos/the-hammocks,200,https://brokeandfixed.com/es/services/remodelacion-de-banos/the-hammocks,"Remodelación de Baños en The Hammocks, FL | Broke & Fixed","Remodelacion de banos en The Hammocks, West Kendall Miami. Conversiones de banera a ducha sin escalon, losa de porcelana, gabinetes. Estimados gratis.",1,"Remodelación de Baños en The Hammocks, FL",es,https://brokeandfixed.com/es/services/remodelacion-de-banos/the-hammocks,,Service | LocalBusiness | FAQPage | BreadcrumbList,6,1,17,2486,1/6 images missing alt,
https://brokeandfixed.com/en/services/bathroom-remodeling/the-crossings,200,https://brokeandfixed.com/en/services/bathroom-remodeling/the-crossings,"Bathroom Remodeling in The Crossings, FL | Broke & Fixed","Bathroom remodeling in The Crossings, FL. Replace outdated 80s bathrooms with modern tile, vanities, and showers. Free estimates from Broke and Fixed 305.",1,"Bathroom Remodeling in The Crossings, FL",en,https://brokeandfixed.com/en/services/bathroom-remodeling/the-crossings,,Service | LocalBusiness | FAQPage | BreadcrumbList,6,1,18,743,1/6 images missing alt,
https://brokeandfixed.com/es/services/remodelacion-de-banos/the-crossings,200,https://brokeandfixed.com/es/services/remodelacion-de-banos/the-crossings,"Remodelación de Baños en The Crossings, FL | Broke & Fixed","Remodelación de Baños en The Crossings, FL. Transformamos baños anticuados en espacios modernos y funcionales que tu familia realmente disfrutará. Desde azulejos y vanidades hasta renovaciones completas, manejamos cada paso del proceso aquí en Miami-Dade. Llame al 786-363-7039 para un presupuesto gratis.",1,"Remodelación de Baños en The Crossings, FL",es,https://brokeandfixed.com/es/services/remodelacion-de-banos/the-crossings,,Service | LocalBusiness | FAQPage | BreadcrumbList,6,1,18,769,description length 305; 1/6 images missing alt,
https://brokeandfixed.com/en/services/bathroom-remodeling/kendale-lakes,200,https://brokeandfixed.com/en/services/bathroom-remodeling/kendale-lakes,"Bathroom Remodeling in Kendale Lakes, FL | Broke & Fixed",Kendale Lakes bathroom remodeling. Budget-friendly upgrades with quality tile and vanities. Call Broke and Fixed 305 for your free estimate today.,1,"Bathroom Remodeling in Kendale Lakes, FL",en,https://brokeandfixed.com/en/services/bathroom-remodeling/kendale-lakes,,Service | LocalBusiness | FAQPage | BreadcrumbList,6,1,18,748,1/6 images missing alt,
https://brokeandfixed.com/es/services/remodelacion-de-banos/kendale-lakes,200,https://brokeandfixed.com/es/services/remodelacion-de-banos/kendale-lakes,"Remodelación de Baños en Kendale Lakes, FL | Broke & Fixed","Remodelación de Baños en Kendale Lakes, FL. Transformamos baños anticuados en espacios modernos y funcionales que tu familia realmente disfrutará. Desde azulejos y vanidades hasta renovaciones completas, manejamos cada paso del proceso aquí en Miami-Dade. Llame al 786-363-7039 para un presupuesto gratis.",1,"Remodelación de Baños en Kendale Lakes, FL",es,https://brokeandfixed.com/es/services/remodelacion-de-banos/kendale-lakes,,Service | LocalBusiness | FAQPage | BreadcrumbList,6,1,18,774,description length 305; 1/6 images missing alt,
https://brokeandfixed.com/en/services/bathroom-remodeling/sweetwater,200,https://brokeandfixed.com/en/services/bathroom-remodeling/sweetwater,"Bathroom Remodeling in Sweetwater, FL | Broke & Fixed","Sweetwater bathroom remodeling for homeowners and landlords. Durable tile, modern vanities, fast turnaround. Call Broke and Fixed 305 for a quote.",1,"Bathroom Remodeling in Sweetwater, FL",en,https://brokeandfixed.com/en/services/bathroom-remodeling/sweetwater,,Service | LocalBusiness | FAQPage | BreadcrumbList,6,1,17,693,1/6 images missing alt,
https://brokeandfixed.com/es/services/remodelacion-de-banos/sweetwater,200,https://brokeandfixed.com/es/services/remodelacion-de-banos/sweetwater,"Remodelación de Baños en Sweetwater, FL | Broke & Fixed","Remodelación de Baños en Sweetwater, FL. Transformamos baños anticuados en espacios modernos y funcionales que tu familia realmente disfrutará. Desde azulejos y vanidades hasta renovaciones completas, manejamos cada paso del proceso aquí en Miami-Dade. Llame al 786-363-7039 para un presupuesto gratis.",1,"Remodelación de Baños en Sweetwater, FL",es,https://brokeandfixed.com/es/services/remodelacion-de-banos/sweetwater,,Service | LocalBusiness | FAQPage | BreadcrumbList,6,1,17,719,description length 302; 1/6 images missing alt,
https://brokeandfixed.com/en/services/bathroom-remodeling/cutler-bay,200,https://brokeandfixed.com/en/services/bathroom-remodeling/cutler-bay,"Bathroom Remodeling in Cutler Bay, FL | Broke & Fixed",Cutler Bay bathroom remodeling with extra attention to waterproofing and moisture. Quality tile and vanities. Free estimates from Broke and Fixed 305.,1,"Bathroom Remodeling in Cutler Bay, FL",en,https://brokeandfixed.com/en/services/bathroom-remodeling/cutler-bay,,Service | LocalBusiness | FAQPage | BreadcrumbList,6,1,17,732,1/6 images missing alt,
https://brokeandfixed.com/es/services/remodelacion-de-banos/cutler-bay,200,https://brokeandfixed.com/es/services/remodelacion-de-banos/cutler-bay,"Remodelación de Baños en Cutler Bay, FL | Broke & Fixed","Remodelación de Baños en Cutler Bay, FL. Transformamos baños anticuados en espacios modernos y funcionales que tu familia realmente disfrutará. Desde azulejos y vanidades hasta renovaciones completas, manejamos cada paso del proceso aquí en Miami-Dade. Llame al 786-363-7039 para un presupuesto gratis.",1,"Remodelación de Baños en Cutler Bay, FL",es,https://brokeandfixed.com/es/services/remodelacion-de-banos/cutler-bay,,Service | LocalBusiness | FAQPage | BreadcrumbList,6,1,17,758,description length 302; 1/6 images missing alt,
https://brokeandfixed.com/en/services/bathroom-remodeling/pinecrest,200,https://brokeandfixed.com/en/services/bathroom-remodeling/pinecrest,"Bathroom Remodeling in Pinecrest, FL | Broke & Fixed","Premium bathroom remodeling in Pinecrest. Custom showers, natural stone, luxury vanities. Broke and Fixed 305 delivers the quality Pinecrest expects.",1,"Bathroom Remodeling in Pinecrest, FL",en,https://brokeandfixed.com/en/services/bathroom-remodeling/pinecrest,,Service | LocalBusiness | FAQPage | BreadcrumbList,6,1,18,798,1/6 images missing alt,
https://brokeandfixed.com/es/services/remodelacion-de-banos/pinecrest,200,https://brokeandfixed.com/es/services/remodelacion-de-banos/pinecrest,"Remodelación de Baños en Pinecrest, FL | Broke & Fixed","Remodelación de Baños en Pinecrest, FL. Transformamos baños anticuados en espacios modernos y funcionales que tu familia realmente disfrutará. Desde azulejos y vanidades hasta renovaciones completas, manejamos cada paso del proceso aquí en Miami-Dade. Llame al 786-363-7039 para un presupuesto gratis.",1,"Remodelación de Baños en Pinecrest, FL",es,https://brokeandfixed.com/es/services/remodelacion-de-banos/pinecrest,,Service | LocalBusiness | FAQPage | BreadcrumbList,6,1,18,824,description length 301; 1/6 images missing alt,
https://brokeandfixed.com/en/services/bathroom-remodeling/south-miami,200,https://brokeandfixed.com/en/services/bathroom-remodeling/south-miami,"Bathroom Remodeling in South Miami, FL | Broke & Fixed",South Miami bathroom remodeling that respects your home's character. Vintage charm meets modern function. Call Broke and Fixed 305 for a free estimate.,1,"Bathroom Remodeling in South Miami, FL",en,https://brokeandfixed.com/en/services/bathroom-remodeling/south-miami,,Service | LocalBusiness | FAQPage | BreadcrumbList,6,1,18,744,1/6 images missing alt,
https://brokeandfixed.com/es/services/remodelacion-de-banos/south-miami,200,https://brokeandfixed.com/es/services/remodelacion-de-banos/south-miami,"Remodelación de Baños en South Miami, FL | Broke & Fixed","Remodelación de Baños en South Miami, FL. Transformamos baños anticuados en espacios modernos y funcionales que tu familia realmente disfrutará. Desde azulejos y vanidades hasta renovaciones completas, manejamos cada paso del proceso aquí en Miami-Dade. Llame al 786-363-7039 para un presupuesto gratis.",1,"Remodelación de Baños en South Miami, FL",es,https://brokeandfixed.com/es/services/remodelacion-de-banos/south-miami,,Service | LocalBusiness | FAQPage | BreadcrumbList,6,1,18,770,description length 303; 1/6 images missing alt,
https://brokeandfixed.com/en/services/bathroom-remodeling/south-miami-heights,200,https://brokeandfixed.com/en/services/bathroom-remodeling/south-miami-heights,"Bathroom Remodeling in South Miami Heights, FL | Broke & Fixed","Bathroom remodeling in South Miami Heights, Miami. Walk-in showers, vanities, tile, and pipe replacement by a family-owned, fully insured crew. Free estimate.",1,"Bathroom Remodeling in South Miami Heights, FL",en,https://brokeandfixed.com/en/services/bathroom-remodeling/south-miami-heights,,Service | LocalBusiness | FAQPage | BreadcrumbList,6,1,18,2142,1/6 images missing alt,
https://brokeandfixed.com/es/services/remodelacion-de-banos/south-miami-heights,200,https://brokeandfixed.com/es/services/remodelacion-de-banos/south-miami-heights,"Remodelación de Baños en South Miami Heights, FL | Broke & Fixed","Remodelacion de banos en South Miami Heights, Miami. Duchas, gabinetes, loza y cambio de tuberias viejas con un equipo familiar y asegurado. Estimado gratis.",1,"Remodelación de Baños en South Miami Heights, FL",es,https://brokeandfixed.com/es/services/remodelacion-de-banos/south-miami-heights,,Service | LocalBusiness | FAQPage | BreadcrumbList,6,1,18,2306,1/6 images missing alt,
https://brokeandfixed.com/en/services/bathroom-remodeling/miami-gardens,200,https://brokeandfixed.com/en/services/bathroom-remodeling/miami-gardens,"Bathroom Remodeling in Miami Gardens, FL | Broke & Fixed","Miami Gardens bathroom remodeling. Full gut renovations, new tile, vanities, and plumbing. Get a free estimate from Broke and Fixed 305 today.",1,"Bathroom Remodeling in Miami Gardens, FL",en,https://brokeandfixed.com/en/services/bathroom-remodeling/miami-gardens,,Service | LocalBusiness | FAQPage | BreadcrumbList,6,1,15,738,1/6 images missing alt,
https://brokeandfixed.com/es/services/remodelacion-de-banos/miami-gardens,200,https://brokeandfixed.com/es/services/remodelacion-de-banos/miami-gardens,"Remodelación de Baños en Miami Gardens, FL | Broke & Fixed","Remodelación de Baños en Miami Gardens, FL. Transformamos baños anticuados en espacios modernos y funcionales que tu familia realmente disfrutará. Desde azulejos y vanidades hasta renovaciones completas, manejamos cada paso del proceso aquí en Miami-Dade. Llame al 786-363-7039 para un presupuesto gratis.",1,"Remodelación de Baños en Miami Gardens, FL",es,https://brokeandfixed.com/es/services/remodelacion-de-banos/miami-gardens,,Service | LocalBusiness | FAQPage | BreadcrumbList,6,1,15,764,description length 305; 1/6 images missing alt,
https://brokeandfixed.com/en/services/bathroom-remodeling/westchester,200,https://brokeandfixed.com/en/services/bathroom-remodeling/westchester,"Bathroom Remodeling in Westchester, FL | Broke & Fixed","Bathroom remodeling in Westchester, Miami (33144, 33165). Family owned, fully insured. Gut remodels, walk-in showers, old plumbing replaced. Free estimates.",1,"Bathroom Remodeling in Westchester, FL",en,https://brokeandfixed.com/en/services/bathroom-remodeling/westchester,,Service | LocalBusiness | FAQPage | BreadcrumbList,6,1,18,2124,1/6 images missing alt,
https://brokeandfixed.com/es/services/remodelacion-de-banos/westchester,200,https://brokeandfixed.com/es/services/remodelacion-de-banos/westchester,"Remodelación de Baños en Westchester, FL | Broke & Fixed","Remodelacion de baños en Westchester, Miami (33144, 33165). Empresa de familia, asegurada. Duchas walk-in, plomeria vieja cambiada. Estimados gratis hoy.",1,"Remodelación de Baños en Westchester, FL",es,https://brokeandfixed.com/es/services/remodelacion-de-banos/westchester,,Service | LocalBusiness | FAQPage | BreadcrumbList,6,1,18,2250,1/6 images missing alt,
https://brokeandfixed.com/en/services/bathroom-remodeling/coral-gables,200,https://brokeandfixed.com/en/services/bathroom-remodeling/coral-gables,"Bathroom Remodeling in Coral Gables, FL | Broke & Fixed","Coral Gables bathroom remodeling that meets historic standards. Natural stone, custom vanities, and premium fixtures. Call Broke and Fixed 305 today.",1,"Bathroom Remodeling in Coral Gables, FL",en,https://brokeandfixed.com/en/services/bathroom-remodeling/coral-gables,,Service | LocalBusiness | FAQPage | BreadcrumbList,6,1,18,808,1/6 images missing alt,
https://brokeandfixed.com/es/services/remodelacion-de-banos/coral-gables,200,https://brokeandfixed.com/es/services/remodelacion-de-banos/coral-gables,"Remodelación de Baños en Coral Gables, FL | Broke & Fixed","Remodelación de Baños en Coral Gables, FL. Transformamos baños anticuados en espacios modernos y funcionales que tu familia realmente disfrutará. Desde azulejos y vanidades hasta renovaciones completas, manejamos cada paso del proceso aquí en Miami-Dade. Llame al 786-363-7039 para un presupuesto gratis.",1,"Remodelación de Baños en Coral Gables, FL",es,https://brokeandfixed.com/es/services/remodelacion-de-banos/coral-gables,,Service | LocalBusiness | FAQPage | BreadcrumbList,6,1,18,834,description length 304; 1/6 images missing alt,
https://brokeandfixed.com/en/services/bathroom-remodeling/country-walk,200,https://brokeandfixed.com/en/services/bathroom-remodeling/country-walk,"Bathroom Remodeling in Country Walk, FL | Broke & Fixed","Country Walk bathroom remodeling. Replace builder-grade finishes with quality tile, solid vanities, and real fixtures. Call Broke and Fixed 305 today.",1,"Bathroom Remodeling in Country Walk, FL",en,https://brokeandfixed.com/en/services/bathroom-remodeling/country-walk,,Service | LocalBusiness | FAQPage | BreadcrumbList,6,1,18,754,1/6 images missing alt,
https://brokeandfixed.com/es/services/remodelacion-de-banos/country-walk,200,https://brokeandfixed.com/es/services/remodelacion-de-banos/country-walk,"Remodelación de Baños en Country Walk, FL | Broke & Fixed","Remodelación de Baños en Country Walk, FL. Transformamos baños anticuados en espacios modernos y funcionales que tu familia realmente disfrutará. Desde azulejos y vanidades hasta renovaciones completas, manejamos cada paso del proceso aquí en Miami-Dade. Llame al 786-363-7039 para un presupuesto gratis.",1,"Remodelación de Baños en Country Walk, FL",es,https://brokeandfixed.com/es/services/remodelacion-de-banos/country-walk,,Service | LocalBusiness | FAQPage | BreadcrumbList,6,1,18,780,description length 304; 1/6 images missing alt,
https://brokeandfixed.com/en/services/bathroom-remodeling/coconut-grove,200,https://brokeandfixed.com/en/services/bathroom-remodeling/coconut-grove,"Bathroom Remodeling in Coconut Grove, FL | Broke & Fixed","Coconut Grove bathroom remodeling for historic and modern homes. Custom tile, unique fixtures, and expert craftsmanship. Call Broke and Fixed 305.",1,"Bathroom Remodeling in Coconut Grove, FL",en,https://brokeandfixed.com/en/services/bathroom-remodeling/coconut-grove,,Service | LocalBusiness | FAQPage | BreadcrumbList,6,1,16,745,1/6 images missing alt,
https://brokeandfixed.com/es/services/remodelacion-de-banos/coconut-grove,200,https://brokeandfixed.com/es/services/remodelacion-de-banos/coconut-grove,"Remodelación de Baños en Coconut Grove, FL | Broke & Fixed","Remodelación de Baños en Coconut Grove, FL. Transformamos baños anticuados en espacios modernos y funcionales que tu familia realmente disfrutará. Desde azulejos y vanidades hasta renovaciones completas, manejamos cada paso del proceso aquí en Miami-Dade. Llame al 786-363-7039 para un presupuesto gratis.",1,"Remodelación de Baños en Coconut Grove, FL",es,https://brokeandfixed.com/es/services/remodelacion-de-banos/coconut-grove,,Service | LocalBusiness | FAQPage | BreadcrumbList,6,1,16,771,description length 305; 1/6 images missing alt,
https://brokeandfixed.com/en/services/kitchen-remodeling/kendall,200,https://brokeandfixed.com/en/services/kitchen-remodeling/kendall,"Kitchen Remodeling in Kendall, FL | Broke & Fixed","Kitchen remodeling in Kendall, FL. Open concept conversions, new cabinets, countertops, and backsplash. Free estimates from Broke and Fixed 305.",1,"Kitchen Remodeling in Kendall, FL",en,https://brokeandfixed.com/en/services/kitchen-remodeling/kendall,,Service | LocalBusiness | FAQPage | BreadcrumbList,6,1,18,804,1/6 images missing alt,
https://brokeandfixed.com/es/services/remodelacion-de-cocinas/kendall,200,https://brokeandfixed.com/es/services/remodelacion-de-cocinas/kendall,"Remodelación de Cocinas en Kendall, FL | Broke & Fixed","Remodelación de Cocinas en Kendall, FL. Tu cocina es donde todo sucede. Remodelamos cocinas en todo Miami-Dade con nuevos gabinetes, encimeras, salpicaderos y distribuciones que hacen que el espacio funcione mejor para tu estilo de vida. Llame al 786-363-7039 para un presupuesto gratis.",1,"Remodelación de Cocinas en Kendall, FL",es,https://brokeandfixed.com/es/services/remodelacion-de-cocinas/kendall,,Service | LocalBusiness | FAQPage | BreadcrumbList,6,1,18,830,description length 287; 1/6 images missing alt,
https://brokeandfixed.com/en/services/kitchen-remodeling/west-kendall,200,https://brokeandfixed.com/en/services/kitchen-remodeling/west-kendall,"Kitchen Remodeling in West Kendall, FL | Broke & Fixed","West Kendall kitchen remodeling. New cabinets, quartz countertops, backsplash, and islands. Get a free estimate from Broke and Fixed 305 today.",1,"Kitchen Remodeling in West Kendall, FL",en,https://brokeandfixed.com/en/services/kitchen-remodeling/west-kendall,,Service | LocalBusiness | FAQPage | BreadcrumbList,6,1,18,766,1/6 images missing alt,
https://brokeandfixed.com/es/services/remodelacion-de-cocinas/west-kendall,200,https://brokeandfixed.com/es/services/remodelacion-de-cocinas/west-kendall,"Remodelación de Cocinas en West Kendall, FL | Broke & Fixed","Remodelación de Cocinas en West Kendall, FL. Tu cocina es donde todo sucede. Remodelamos cocinas en todo Miami-Dade con nuevos gabinetes, encimeras, salpicaderos y distribuciones que hacen que el espacio funcione mejor para tu estilo de vida. Llame al 786-363-7039 para un presupuesto gratis.",1,"Remodelación de Cocinas en West Kendall, FL",es,https://brokeandfixed.com/es/services/remodelacion-de-cocinas/west-kendall,,Service | LocalBusiness | FAQPage | BreadcrumbList,6,1,18,792,description length 292; 1/6 images missing alt,
https://brokeandfixed.com/en/services/kitchen-remodeling/palmetto-bay,200,https://brokeandfixed.com/en/services/kitchen-remodeling/palmetto-bay,"Kitchen Remodeling in Palmetto Bay, FL | Broke & Fixed","Palmetto Bay kitchen remodeling. Custom cabinets, stone countertops, islands, and premium finishes. Call Broke and Fixed 305 for your free estimate.",1,"Kitchen Remodeling in Palmetto Bay, FL",en,https://brokeandfixed.com/en/services/kitchen-remodeling/palmetto-bay,,Service | LocalBusiness | FAQPage | BreadcrumbList,6,1,17,747,1/6 images missing alt,
https://brokeandfixed.com/es/services/remodelacion-de-cocinas/palmetto-bay,200,https://brokeandfixed.com/es/services/remodelacion-de-cocinas/palmetto-bay,"Remodelación de Cocinas en Palmetto Bay, FL | Broke & Fixed","Remodelación de Cocinas en Palmetto Bay, FL. Tu cocina es donde todo sucede. Remodelamos cocinas en todo Miami-Dade con nuevos gabinetes, encimeras, salpicaderos y distribuciones que hacen que el espacio funcione mejor para tu estilo de vida. Llame al 786-363-7039 para un presupuesto gratis.",1,"Remodelación de Cocinas en Palmetto Bay, FL",es,https://brokeandfixed.com/es/services/remodelacion-de-cocinas/palmetto-bay,,Service | LocalBusiness | FAQPage | BreadcrumbList,6,1,17,773,description length 292; 1/6 images missing alt,
https://brokeandfixed.com/en/services/kitchen-remodeling/doral,200,https://brokeandfixed.com/en/services/kitchen-remodeling/doral,"Kitchen Remodeling in Doral, FL | Broke & Fixed","Doral kitchen remodeling. Replace builder-grade finishes with solid cabinets, stone countertops, and real tile. Free quotes from Broke and Fixed 305.",1,"Kitchen Remodeling in Doral, FL",en,https://brokeandfixed.com/en/services/kitchen-remodeling/doral,,Service | LocalBusiness | FAQPage | BreadcrumbList,6,1,17,780,1/6 images missing alt,
https://brokeandfixed.com/es/services/remodelacion-de-cocinas/doral,200,https://brokeandfixed.com/es/services/remodelacion-de-cocinas/doral,"Remodelación de Cocinas en Doral, FL | Broke & Fixed","Remodelación de Cocinas en Doral, FL. Tu cocina es donde todo sucede. Remodelamos cocinas en todo Miami-Dade con nuevos gabinetes, encimeras, salpicaderos y distribuciones que hacen que el espacio funcione mejor para tu estilo de vida. Llame al 786-363-7039 para un presupuesto gratis.",1,"Remodelación de Cocinas en Doral, FL",es,https://brokeandfixed.com/es/services/remodelacion-de-cocinas/doral,,Service | LocalBusiness | FAQPage | BreadcrumbList,6,1,17,806,description length 285; 1/6 images missing alt,
https://brokeandfixed.com/en/services/kitchen-remodeling/the-hammocks,200,https://brokeandfixed.com/en/services/kitchen-remodeling/the-hammocks,"Kitchen Remodeling in The Hammocks, FL | Broke & Fixed","Kitchen remodeling in The Hammocks, FL. Replace tile counters and oak cabinets with quartz and modern shakers. Call Broke and Fixed 305 for a quote.",1,"Kitchen Remodeling in The Hammocks, FL",en,https://brokeandfixed.com/en/services/kitchen-remodeling/the-hammocks,,Service | LocalBusiness | FAQPage | BreadcrumbList,6,1,17,757,1/6 images missing alt,
https://brokeandfixed.com/es/services/remodelacion-de-cocinas/the-hammocks,200,https://brokeandfixed.com/es/services/remodelacion-de-cocinas/the-hammocks,"Remodelación de Cocinas en The Hammocks, FL | Broke & Fixed","Remodelación de Cocinas en The Hammocks, FL. Tu cocina es donde todo sucede. Remodelamos cocinas en todo Miami-Dade con nuevos gabinetes, encimeras, salpicaderos y distribuciones que hacen que el espacio funcione mejor para tu estilo de vida. Llame al 786-363-7039 para un presupuesto gratis.",1,"Remodelación de Cocinas en The Hammocks, FL",es,https://brokeandfixed.com/es/services/remodelacion-de-cocinas/the-hammocks,,Service | LocalBusiness | FAQPage | BreadcrumbList,6,1,17,783,description length 292; 1/6 images missing alt,
https://brokeandfixed.com/en/services/kitchen-remodeling/the-crossings,200,https://brokeandfixed.com/en/services/kitchen-remodeling/the-crossings,"Kitchen Remodeling in The Crossings, FL | Broke & Fixed","Kitchen remodeling in The Crossings, West Kendall (33186, 33196). Cabinets, quartz counters, backsplash, and layout changes from a local crew. Free estimate.",1,"Kitchen Remodeling in The Crossings, FL",en,https://brokeandfixed.com/en/services/kitchen-remodeling/the-crossings,,Service | LocalBusiness | FAQPage | BreadcrumbList,6,1,18,1323,1/6 images missing alt,
https://brokeandfixed.com/es/services/remodelacion-de-cocinas/the-crossings,200,https://brokeandfixed.com/es/services/remodelacion-de-cocinas/the-crossings,"Remodelación de Cocinas en The Crossings, FL | Broke & Fixed","Remodelacion de cocina en The Crossings, West Kendall (33186, 33196). Gabinetes, topes de cuarzo y backsplash de un equipo local. Estimado gratis.",1,"Remodelación de Cocinas en The Crossings, FL",es,https://brokeandfixed.com/es/services/remodelacion-de-cocinas/the-crossings,,Service | LocalBusiness | FAQPage | BreadcrumbList,6,1,18,1413,1/6 images missing alt,
https://brokeandfixed.com/en/services/kitchen-remodeling/kendale-lakes,200,https://brokeandfixed.com/en/services/kitchen-remodeling/kendale-lakes,"Kitchen Remodeling in Kendale Lakes, FL | Broke & Fixed","Kendale Lakes kitchen remodeling. New cabinets, quartz countertops, and backsplash at fair prices. Call Broke and Fixed 305 for a free estimate.",1,"Kitchen Remodeling in Kendale Lakes, FL",en,https://brokeandfixed.com/en/services/kitchen-remodeling/kendale-lakes,,Service | LocalBusiness | FAQPage | BreadcrumbList,6,1,18,738,1/6 images missing alt,
https://brokeandfixed.com/es/services/remodelacion-de-cocinas/kendale-lakes,200,https://brokeandfixed.com/es/services/remodelacion-de-cocinas/kendale-lakes,"Remodelación de Cocinas en Kendale Lakes, FL | Broke & Fixed","Remodelación de Cocinas en Kendale Lakes, FL. Tu cocina es donde todo sucede. Remodelamos cocinas en todo Miami-Dade con nuevos gabinetes, encimeras, salpicaderos y distribuciones que hacen que el espacio funcione mejor para tu estilo de vida. Llame al 786-363-7039 para un presupuesto gratis.",1,"Remodelación de Cocinas en Kendale Lakes, FL",es,https://brokeandfixed.com/es/services/remodelacion-de-cocinas/kendale-lakes,,Service | LocalBusiness | FAQPage | BreadcrumbList,6,1,18,764,description length 293; 1/6 images missing alt,
https://brokeandfixed.com/en/services/kitchen-remodeling/sweetwater,200,https://brokeandfixed.com/en/services/kitchen-remodeling/sweetwater,"Kitchen Remodeling in Sweetwater, FL | Broke & Fixed","Sweetwater kitchen remodeling for homes and rentals. Cabinets, countertops, and smart layouts. Call Broke and Fixed 305 for your free estimate.",1,"Kitchen Remodeling in Sweetwater, FL",en,https://brokeandfixed.com/en/services/kitchen-remodeling/sweetwater,,Service | LocalBusiness | FAQPage | BreadcrumbList,6,1,17,718,1/6 images missing alt,
https://brokeandfixed.com/es/services/remodelacion-de-cocinas/sweetwater,200,https://brokeandfixed.com/es/services/remodelacion-de-cocinas/sweetwater,"Remodelación de Cocinas en Sweetwater, FL | Broke & Fixed","Remodelación de Cocinas en Sweetwater, FL. Tu cocina es donde todo sucede. Remodelamos cocinas en todo Miami-Dade con nuevos gabinetes, encimeras, salpicaderos y distribuciones que hacen que el espacio funcione mejor para tu estilo de vida. Llame al 786-363-7039 para un presupuesto gratis.",1,"Remodelación de Cocinas en Sweetwater, FL",es,https://brokeandfixed.com/es/services/remodelacion-de-cocinas/sweetwater,,Service | LocalBusiness | FAQPage | BreadcrumbList,6,1,17,744,description length 290; 1/6 images missing alt,
https://brokeandfixed.com/en/services/kitchen-remodeling/cutler-bay,200,https://brokeandfixed.com/en/services/kitchen-remodeling/cutler-bay,"Kitchen Remodeling in Cutler Bay, FL | Broke & Fixed","Cutler Bay kitchen remodeling. Solid cabinets, quartz countertops, and moisture-resistant finishes. Free estimates from Broke and Fixed 305.",1,"Kitchen Remodeling in Cutler Bay, FL",en,https://brokeandfixed.com/en/services/kitchen-remodeling/cutler-bay,,Service | LocalBusiness | FAQPage | BreadcrumbList,6,1,17,738,1/6 images missing alt,
https://brokeandfixed.com/es/services/remodelacion-de-cocinas/cutler-bay,200,https://brokeandfixed.com/es/services/remodelacion-de-cocinas/cutler-bay,"Remodelación de Cocinas en Cutler Bay, FL | Broke & Fixed","Remodelación de Cocinas en Cutler Bay, FL. Tu cocina es donde todo sucede. Remodelamos cocinas en todo Miami-Dade con nuevos gabinetes, encimeras, salpicaderos y distribuciones que hacen que el espacio funcione mejor para tu estilo de vida. Llame al 786-363-7039 para un presupuesto gratis.",1,"Remodelación de Cocinas en Cutler Bay, FL",es,https://brokeandfixed.com/es/services/remodelacion-de-cocinas/cutler-bay,,Service | LocalBusiness | FAQPage | BreadcrumbList,6,1,17,764,description length 290; 1/6 images missing alt,
https://brokeandfixed.com/en/services/kitchen-remodeling/pinecrest,200,https://brokeandfixed.com/en/services/kitchen-remodeling/pinecrest,"Kitchen Remodeling in Pinecrest, FL | Broke & Fixed","Pinecrest kitchen remodeling. Custom cabinets, natural stone, and professional-grade design. Call Broke and Fixed 305 for a premium kitchen build.",1,"Kitchen Remodeling in Pinecrest, FL",en,https://brokeandfixed.com/en/services/kitchen-remodeling/pinecrest,,Service | LocalBusiness | FAQPage | BreadcrumbList,6,1,18,783,1/6 images missing alt,
https://brokeandfixed.com/es/services/remodelacion-de-cocinas/pinecrest,200,https://brokeandfixed.com/es/services/remodelacion-de-cocinas/pinecrest,"Remodelación de Cocinas en Pinecrest, FL | Broke & Fixed","Remodelación de Cocinas en Pinecrest, FL. Tu cocina es donde todo sucede. Remodelamos cocinas en todo Miami-Dade con nuevos gabinetes, encimeras, salpicaderos y distribuciones que hacen que el espacio funcione mejor para tu estilo de vida. Llame al 786-363-7039 para un presupuesto gratis.",1,"Remodelación de Cocinas en Pinecrest, FL",es,https://brokeandfixed.com/es/services/remodelacion-de-cocinas/pinecrest,,Service | LocalBusiness | FAQPage | BreadcrumbList,6,1,18,809,description length 289; 1/6 images missing alt,
https://brokeandfixed.com/en/services/kitchen-remodeling/south-miami,200,https://brokeandfixed.com/en/services/kitchen-remodeling/south-miami,"Kitchen Remodeling in South Miami, FL | Broke & Fixed",South Miami kitchen remodeling. Smart designs for smaller kitchens with quality cabinets and countertops. Call Broke and Fixed 305 for a free estimate.,1,"Kitchen Remodeling in South Miami, FL",en,https://brokeandfixed.com/en/services/kitchen-remodeling/south-miami,,Service | LocalBusiness | FAQPage | BreadcrumbList,6,1,18,757,1/6 images missing alt,
https://brokeandfixed.com/es/services/remodelacion-de-cocinas/south-miami,200,https://brokeandfixed.com/es/services/remodelacion-de-cocinas/south-miami,"Remodelación de Cocinas en South Miami, FL | Broke & Fixed","Remodelación de Cocinas en South Miami, FL. Tu cocina es donde todo sucede. Remodelamos cocinas en todo Miami-Dade con nuevos gabinetes, encimeras, salpicaderos y distribuciones que hacen que el espacio funcione mejor para tu estilo de vida. Llame al 786-363-7039 para un presupuesto gratis.",1,"Remodelación de Cocinas en South Miami, FL",es,https://brokeandfixed.com/es/services/remodelacion-de-cocinas/south-miami,,Service | LocalBusiness | FAQPage | BreadcrumbList,6,1,18,783,description length 291; 1/6 images missing alt,
https://brokeandfixed.com/en/services/kitchen-remodeling/south-miami-heights,200,https://brokeandfixed.com/en/services/kitchen-remodeling/south-miami-heights,"Kitchen Remodeling in South Miami Heights, FL | Broke & Fixed","Affordable kitchen remodeling in South Miami Heights. Cabinets, countertops, and backsplash at honest prices. Call Broke and Fixed 305 for a quote.",1,"Kitchen Remodeling in South Miami Heights, FL",en,https://brokeandfixed.com/en/services/kitchen-remodeling/south-miami-heights,,Service | LocalBusiness | FAQPage | BreadcrumbList,6,1,18,764,1/6 images missing alt,
https://brokeandfixed.com/es/services/remodelacion-de-cocinas/south-miami-heights,200,https://brokeandfixed.com/es/services/remodelacion-de-cocinas/south-miami-heights,"Remodelación de Cocinas en South Miami Heights, FL | Broke & Fixed","Remodelación de Cocinas en South Miami Heights, FL. Tu cocina es donde todo sucede. Remodelamos cocinas en todo Miami-Dade con nuevos gabinetes, encimeras, salpicaderos y distribuciones que hacen que el espacio funcione mejor para tu estilo de vida. Llame al 786-363-7039 para un presupuesto gratis.",1,"Remodelación de Cocinas en South Miami Heights, FL",es,https://brokeandfixed.com/es/services/remodelacion-de-cocinas/south-miami-heights,,Service | LocalBusiness | FAQPage | BreadcrumbList,6,1,18,790,title length 66; description length 299; 1/6 images missing alt,
https://brokeandfixed.com/en/services/kitchen-remodeling/miami-gardens,200,https://brokeandfixed.com/en/services/kitchen-remodeling/miami-gardens,"Kitchen Remodeling in Miami Gardens, FL | Broke & Fixed","Miami Gardens kitchen remodeling. Full renovations with new cabinets, countertops, and flooring. Get a free estimate from Broke and Fixed 305.",1,"Kitchen Remodeling in Miami Gardens, FL",en,https://brokeandfixed.com/en/services/kitchen-remodeling/miami-gardens,,Service | LocalBusiness | FAQPage | BreadcrumbList,6,1,15,746,1/6 images missing alt,
https://brokeandfixed.com/es/services/remodelacion-de-cocinas/miami-gardens,200,https://brokeandfixed.com/es/services/remodelacion-de-cocinas/miami-gardens,"Remodelación de Cocinas en Miami Gardens, FL | Broke & Fixed","Remodelación de Cocinas en Miami Gardens, FL. Tu cocina es donde todo sucede. Remodelamos cocinas en todo Miami-Dade con nuevos gabinetes, encimeras, salpicaderos y distribuciones que hacen que el espacio funcione mejor para tu estilo de vida. Llame al 786-363-7039 para un presupuesto gratis.",1,"Remodelación de Cocinas en Miami Gardens, FL",es,https://brokeandfixed.com/es/services/remodelacion-de-cocinas/miami-gardens,,Service | LocalBusiness | FAQPage | BreadcrumbList,6,1,15,772,description length 293; 1/6 images missing alt,
https://brokeandfixed.com/en/services/kitchen-remodeling/westchester,200,https://brokeandfixed.com/en/services/kitchen-remodeling/westchester,"Kitchen Remodeling in Westchester, FL | Broke & Fixed","Westchester kitchen remodeling. New cabinets, quartz counters, and open layouts for real families. Call Broke and Fixed 305 for a free estimate.",1,"Kitchen Remodeling in Westchester, FL",en,https://brokeandfixed.com/en/services/kitchen-remodeling/westchester,,Service | LocalBusiness | FAQPage | BreadcrumbList,6,1,18,725,1/6 images missing alt,
https://brokeandfixed.com/es/services/remodelacion-de-cocinas/westchester,200,https://brokeandfixed.com/es/services/remodelacion-de-cocinas/westchester,"Remodelación de Cocinas en Westchester, FL | Broke & Fixed","Remodelación de Cocinas en Westchester, FL. Tu cocina es donde todo sucede. Remodelamos cocinas en todo Miami-Dade con nuevos gabinetes, encimeras, salpicaderos y distribuciones que hacen que el espacio funcione mejor para tu estilo de vida. Llame al 786-363-7039 para un presupuesto gratis.",1,"Remodelación de Cocinas en Westchester, FL",es,https://brokeandfixed.com/es/services/remodelacion-de-cocinas/westchester,,Service | LocalBusiness | FAQPage | BreadcrumbList,6,1,18,751,description length 291; 1/6 images missing alt,
https://brokeandfixed.com/en/services/kitchen-remodeling/coral-gables,200,https://brokeandfixed.com/en/services/kitchen-remodeling/coral-gables,"Kitchen Remodeling in Coral Gables, FL | Broke & Fixed","Coral Gables kitchen remodeling. Custom design, premium materials, and full permit coordination. Call Broke and Fixed 305 for your consultation.",1,"Kitchen Remodeling in Coral Gables, FL",en,https://brokeandfixed.com/en/services/kitchen-remodeling/coral-gables,,Service | LocalBusiness | FAQPage | BreadcrumbList,6,1,18,805,1/6 images missing alt,
https://brokeandfixed.com/es/services/remodelacion-de-cocinas/coral-gables,200,https://brokeandfixed.com/es/services/remodelacion-de-cocinas/coral-gables,"Remodelación de Cocinas en Coral Gables, FL | Broke & Fixed","Remodelación de Cocinas en Coral Gables, FL. Tu cocina es donde todo sucede. Remodelamos cocinas en todo Miami-Dade con nuevos gabinetes, encimeras, salpicaderos y distribuciones que hacen que el espacio funcione mejor para tu estilo de vida. Llame al 786-363-7039 para un presupuesto gratis.",1,"Remodelación de Cocinas en Coral Gables, FL",es,https://brokeandfixed.com/es/services/remodelacion-de-cocinas/coral-gables,,Service | LocalBusiness | FAQPage | BreadcrumbList,6,1,18,831,description length 292; 1/6 images missing alt,
https://brokeandfixed.com/en/services/kitchen-remodeling/country-walk,200,https://brokeandfixed.com/en/services/kitchen-remodeling/country-walk,"Kitchen Remodeling in Country Walk, FL | Broke & Fixed","Country Walk kitchen remodeling. Replace cheap builder finishes with quality cabinets, quartz, and real tile. Call Broke and Fixed 305 for a quote.",1,"Kitchen Remodeling in Country Walk, FL",en,https://brokeandfixed.com/en/services/kitchen-remodeling/country-walk,,Service | LocalBusiness | FAQPage | BreadcrumbList,6,1,18,737,1/6 images missing alt,
https://brokeandfixed.com/es/services/remodelacion-de-cocinas/country-walk,200,https://brokeandfixed.com/es/services/remodelacion-de-cocinas/country-walk,"Remodelación de Cocinas en Country Walk, FL | Broke & Fixed","Remodelación de Cocinas en Country Walk, FL. Tu cocina es donde todo sucede. Remodelamos cocinas en todo Miami-Dade con nuevos gabinetes, encimeras, salpicaderos y distribuciones que hacen que el espacio funcione mejor para tu estilo de vida. Llame al 786-363-7039 para un presupuesto gratis.",1,"Remodelación de Cocinas en Country Walk, FL",es,https://brokeandfixed.com/es/services/remodelacion-de-cocinas/country-walk,,Service | LocalBusiness | FAQPage | BreadcrumbList,6,1,18,763,description length 292; 1/6 images missing alt,
https://brokeandfixed.com/en/services/kitchen-remodeling/coconut-grove,200,https://brokeandfixed.com/en/services/kitchen-remodeling/coconut-grove,"Kitchen Remodeling in Coconut Grove, FL | Broke & Fixed",Coconut Grove kitchen remodeling. Custom designs for historic cottages and modern homes. Call Broke and Fixed 305 to start your kitchen project.,1,"Kitchen Remodeling in Coconut Grove, FL",en,https://brokeandfixed.com/en/services/kitchen-remodeling/coconut-grove,,Service | LocalBusiness | FAQPage | BreadcrumbList,6,1,16,737,1/6 images missing alt,
https://brokeandfixed.com/es/services/remodelacion-de-cocinas/coconut-grove,200,https://brokeandfixed.com/es/services/remodelacion-de-cocinas/coconut-grove,"Remodelación de Cocinas en Coconut Grove, FL | Broke & Fixed","Remodelación de Cocinas en Coconut Grove, FL. Tu cocina es donde todo sucede. Remodelamos cocinas en todo Miami-Dade con nuevos gabinetes, encimeras, salpicaderos y distribuciones que hacen que el espacio funcione mejor para tu estilo de vida. Llame al 786-363-7039 para un presupuesto gratis.",1,"Remodelación de Cocinas en Coconut Grove, FL",es,https://brokeandfixed.com/es/services/remodelacion-de-cocinas/coconut-grove,,Service | LocalBusiness | FAQPage | BreadcrumbList,6,1,16,763,description length 293; 1/6 images missing alt,
https://brokeandfixed.com/en/services/interior-painting/kendall,200,https://brokeandfixed.com/en/services/interior-painting/kendall,"Interior Painting in Kendall, FL | Broke & Fixed","Interior painting in Kendall, FL. Expert prep, premium paint, trim, and ceilings. Fast and clean. Call Broke and Fixed 305 for a free painting quote.",1,"Interior Painting in Kendall, FL",en,https://brokeandfixed.com/en/services/interior-painting/kendall,,Service | LocalBusiness | FAQPage | BreadcrumbList,5,1,18,808,1/5 images missing alt,
https://brokeandfixed.com/es/services/pintura-interior/kendall,200,https://brokeandfixed.com/es/services/pintura-interior/kendall,"Pintura Interior en Kendall, FL | Broke & Fixed","Pintura Interior en Kendall, FL. Una mano de pintura fresca lo cambia todo. Preparamos las superficies correctamente, protegemos tus pisos y muebles, y dejamos líneas limpias siempre. Trabajamos con todo tipo de hogares en Miami-Dade. Llame al 786-363-7039 para un presupuesto gratis.",1,"Pintura Interior en Kendall, FL",es,https://brokeandfixed.com/es/services/pintura-interior/kendall,,Service | LocalBusiness | FAQPage | BreadcrumbList,5,1,18,820,description length 284; 1/5 images missing alt,
https://brokeandfixed.com/en/services/interior-painting/west-kendall,200,https://brokeandfixed.com/en/services/interior-painting/west-kendall,"Interior Painting in West Kendall, FL | Broke & Fixed","West Kendall interior painting. Two-story homes, tall ceilings, and every room painted right. Call Broke and Fixed 305 for a free painting estimate.",1,"Interior Painting in West Kendall, FL",en,https://brokeandfixed.com/en/services/interior-painting/west-kendall,,Service | LocalBusiness | FAQPage | BreadcrumbList,5,1,18,761,1/5 images missing alt,
https://brokeandfixed.com/es/services/pintura-interior/west-kendall,200,https://brokeandfixed.com/es/services/pintura-interior/west-kendall,"Pintura Interior en West Kendall, FL | Broke & Fixed","Pintura Interior en West Kendall, FL. Una mano de pintura fresca lo cambia todo. Preparamos las superficies correctamente, protegemos tus pisos y muebles, y dejamos líneas limpias siempre. Trabajamos con todo tipo de hogares en Miami-Dade. Llame al 786-363-7039 para un presupuesto gratis.",1,"Pintura Interior en West Kendall, FL",es,https://brokeandfixed.com/es/services/pintura-interior/west-kendall,,Service | LocalBusiness | FAQPage | BreadcrumbList,5,1,18,773,description length 289; 1/5 images missing alt,
https://brokeandfixed.com/en/services/interior-painting/palmetto-bay,200,https://brokeandfixed.com/en/services/interior-painting/palmetto-bay,"Interior Painting in Palmetto Bay, FL | Broke & Fixed","Palmetto Bay interior painting. Precision prep, premium paint, and expert color selection. Call Broke and Fixed 305 for a free painting estimate.",1,"Interior Painting in Palmetto Bay, FL",en,https://brokeandfixed.com/en/services/interior-painting/palmetto-bay,,Service | LocalBusiness | FAQPage | BreadcrumbList,5,1,17,771,1/5 images missing alt,
https://brokeandfixed.com/es/services/pintura-interior/palmetto-bay,200,https://brokeandfixed.com/es/services/pintura-interior/palmetto-bay,"Pintura Interior en Palmetto Bay, FL | Broke & Fixed","Pintura Interior en Palmetto Bay, FL. Una mano de pintura fresca lo cambia todo. Preparamos las superficies correctamente, protegemos tus pisos y muebles, y dejamos líneas limpias siempre. Trabajamos con todo tipo de hogares en Miami-Dade. Llame al 786-363-7039 para un presupuesto gratis.",1,"Pintura Interior en Palmetto Bay, FL",es,https://brokeandfixed.com/es/services/pintura-interior/palmetto-bay,,Service | LocalBusiness | FAQPage | BreadcrumbList,5,1,17,783,description length 289; 1/5 images missing alt,
https://brokeandfixed.com/en/services/interior-painting/doral,200,https://brokeandfixed.com/en/services/interior-painting/doral,"Interior Painting in Doral, FL | Broke & Fixed","Doral interior painting for homes and condos. Premium paint, clean prep, and color consultation. Call Broke and Fixed 305 for a free estimate.",1,"Interior Painting in Doral, FL",en,https://brokeandfixed.com/en/services/interior-painting/doral,,Service | LocalBusiness | FAQPage | BreadcrumbList,5,1,17,807,1/5 images missing alt,
https://brokeandfixed.com/es/services/pintura-interior/doral,200,https://brokeandfixed.com/es/services/pintura-interior/doral,"Pintura Interior en Doral, FL | Broke & Fixed","Pintura Interior en Doral, FL. Una mano de pintura fresca lo cambia todo. Preparamos las superficies correctamente, protegemos tus pisos y muebles, y dejamos líneas limpias siempre. Trabajamos con todo tipo de hogares en Miami-Dade. Llame al 786-363-7039 para un presupuesto gratis.",1,"Pintura Interior en Doral, FL",es,https://brokeandfixed.com/es/services/pintura-interior/doral,,Service | LocalBusiness | FAQPage | BreadcrumbList,5,1,17,819,description length 282; 1/5 images missing alt,
https://brokeandfixed.com/en/services/interior-painting/the-hammocks,200,https://brokeandfixed.com/en/services/interior-painting/the-hammocks,"Interior Painting in The Hammocks, FL | Broke & Fixed","Interior painting in The Hammocks, FL. Professional prep, premium paint, and clean results. Call Broke and Fixed 305 for a free painting estimate.",1,"Interior Painting in The Hammocks, FL",en,https://brokeandfixed.com/en/services/interior-painting/the-hammocks,,Service | LocalBusiness | FAQPage | BreadcrumbList,5,1,17,754,1/5 images missing alt,
https://brokeandfixed.com/es/services/pintura-interior/the-hammocks,200,https://brokeandfixed.com/es/services/pintura-interior/the-hammocks,"Pintura Interior en The Hammocks, FL | Broke & Fixed","Pintura Interior en The Hammocks, FL. Una mano de pintura fresca lo cambia todo. Preparamos las superficies correctamente, protegemos tus pisos y muebles, y dejamos líneas limpias siempre. Trabajamos con todo tipo de hogares en Miami-Dade. Llame al 786-363-7039 para un presupuesto gratis.",1,"Pintura Interior en The Hammocks, FL",es,https://brokeandfixed.com/es/services/pintura-interior/the-hammocks,,Service | LocalBusiness | FAQPage | BreadcrumbList,5,1,17,766,description length 289; 1/5 images missing alt,
https://brokeandfixed.com/en/services/interior-painting/the-crossings,200,https://brokeandfixed.com/en/services/interior-painting/the-crossings,"Interior Painting in The Crossings, FL | Broke & Fixed","Interior painting in The Crossings. Crack repair, stain priming, and premium two-coat finish. Call Broke and Fixed 305 for a free estimate.",1,"Interior Painting in The Crossings, FL",en,https://brokeandfixed.com/en/services/interior-painting/the-crossings,,Service | LocalBusiness | FAQPage | BreadcrumbList,5,1,18,757,1/5 images missing alt,
https://brokeandfixed.com/es/services/pintura-interior/the-crossings,200,https://brokeandfixed.com/es/services/pintura-interior/the-crossings,"Pintura Interior en The Crossings, FL | Broke & Fixed","Pintura Interior en The Crossings, FL. Una mano de pintura fresca lo cambia todo. Preparamos las superficies correctamente, protegemos tus pisos y muebles, y dejamos líneas limpias siempre. Trabajamos con todo tipo de hogares en Miami-Dade. Llame al 786-363-7039 para un presupuesto gratis.",1,"Pintura Interior en The Crossings, FL",es,https://brokeandfixed.com/es/services/pintura-interior/the-crossings,,Service | LocalBusiness | FAQPage | BreadcrumbList,5,1,18,769,description length 290; 1/5 images missing alt,
https://brokeandfixed.com/en/services/interior-painting/kendale-lakes,200,https://brokeandfixed.com/en/services/interior-painting/kendale-lakes,"Interior Painting in Kendale Lakes, FL | Broke & Fixed","Kendale Lakes interior painting. Quality prep, premium paint, and fair pricing. Call Broke and Fixed 305 for a free painting estimate today.",1,"Interior Painting in Kendale Lakes, FL",en,https://brokeandfixed.com/en/services/interior-painting/kendale-lakes,,Service | LocalBusiness | FAQPage | BreadcrumbList,5,1,18,765,1/5 images missing alt,
https://brokeandfixed.com/es/services/pintura-interior/kendale-lakes,200,https://brokeandfixed.com/es/services/pintura-interior/kendale-lakes,"Pintura Interior en Kendale Lakes, FL | Broke & Fixed","Pintura Interior en Kendale Lakes, FL. Una mano de pintura fresca lo cambia todo. Preparamos las superficies correctamente, protegemos tus pisos y muebles, y dejamos líneas limpias siempre. Trabajamos con todo tipo de hogares en Miami-Dade. Llame al 786-363-7039 para un presupuesto gratis.",1,"Pintura Interior en Kendale Lakes, FL",es,https://brokeandfixed.com/es/services/pintura-interior/kendale-lakes,,Service | LocalBusiness | FAQPage | BreadcrumbList,5,1,18,777,description length 290; 1/5 images missing alt,
https://brokeandfixed.com/en/services/interior-painting/sweetwater,200,https://brokeandfixed.com/en/services/interior-painting/sweetwater,"Interior Painting in Sweetwater, FL | Broke & Fixed","Sweetwater interior painting for homes and rentals. Fast, professional results at honest prices. Call Broke and Fixed 305 for a free painting quote.",1,"Interior Painting in Sweetwater, FL",en,https://brokeandfixed.com/en/services/interior-painting/sweetwater,,Service | LocalBusiness | FAQPage | BreadcrumbList,5,1,17,738,1/5 images missing alt,
https://brokeandfixed.com/es/services/pintura-interior/sweetwater,200,https://brokeandfixed.com/es/services/pintura-interior/sweetwater,"Pintura Interior en Sweetwater, FL | Broke & Fixed","Pintura Interior en Sweetwater, FL. Una mano de pintura fresca lo cambia todo. Preparamos las superficies correctamente, protegemos tus pisos y muebles, y dejamos líneas limpias siempre. Trabajamos con todo tipo de hogares en Miami-Dade. Llame al 786-363-7039 para un presupuesto gratis.",1,"Pintura Interior en Sweetwater, FL",es,https://brokeandfixed.com/es/services/pintura-interior/sweetwater,,Service | LocalBusiness | FAQPage | BreadcrumbList,5,1,17,750,description length 287; 1/5 images missing alt,
https://brokeandfixed.com/en/services/interior-painting/cutler-bay,200,https://brokeandfixed.com/en/services/interior-painting/cutler-bay,"Interior Painting in Cutler Bay, FL | Broke & Fixed","Interior painting in Cutler Bay, Miami. Walls, ceilings, trim, drywall and water-stain repair, mildew-resistant paint for coastal homes. Free estimate.",1,"Interior Painting in Cutler Bay, FL",en,https://brokeandfixed.com/en/services/interior-painting/cutler-bay,,Service | LocalBusiness | FAQPage | BreadcrumbList,5,1,17,2227,1/5 images missing alt,
https://brokeandfixed.com/es/services/pintura-interior/cutler-bay,200,https://brokeandfixed.com/es/services/pintura-interior/cutler-bay,"Pintura Interior en Cutler Bay, FL | Broke & Fixed","Pintura interior en Cutler Bay, Miami. Paredes, techos, molduras, reparacion de drywall y pintura resistente al moho para casas humedas. Estimado gratis.",1,"Pintura Interior en Cutler Bay, FL",es,https://brokeandfixed.com/es/services/pintura-interior/cutler-bay,,Service | LocalBusiness | FAQPage | BreadcrumbList,5,1,17,2352,1/5 images missing alt,
https://brokeandfixed.com/en/services/interior-painting/pinecrest,200,https://brokeandfixed.com/en/services/interior-painting/pinecrest,"Interior Painting in Pinecrest, FL | Broke & Fixed","Pinecrest interior painting. Premium paint, expert prep, and detailed trim work for quality homes. Call Broke and Fixed 305 for your consultation.",1,"Interior Painting in Pinecrest, FL",en,https://brokeandfixed.com/en/services/interior-painting/pinecrest,,Service | LocalBusiness | FAQPage | BreadcrumbList,5,1,18,798,1/5 images missing alt,
https://brokeandfixed.com/es/services/pintura-interior/pinecrest,200,https://brokeandfixed.com/es/services/pintura-interior/pinecrest,"Pintura Interior en Pinecrest, FL | Broke & Fixed","Pintura Interior en Pinecrest, FL. Una mano de pintura fresca lo cambia todo. Preparamos las superficies correctamente, protegemos tus pisos y muebles, y dejamos líneas limpias siempre. Trabajamos con todo tipo de hogares en Miami-Dade. Llame al 786-363-7039 para un presupuesto gratis.",1,"Pintura Interior en Pinecrest, FL",es,https://brokeandfixed.com/es/services/pintura-interior/pinecrest,,Service | LocalBusiness | FAQPage | BreadcrumbList,5,1,18,810,description length 286; 1/5 images missing alt,
https://brokeandfixed.com/en/services/interior-painting/south-miami,200,https://brokeandfixed.com/en/services/interior-painting/south-miami,"Interior Painting in South Miami, FL | Broke & Fixed","South Miami interior painting for mid-century homes. Careful prep, clean lines, and colors that fit. Call Broke and Fixed 305 for a free estimate.",1,"Interior Painting in South Miami, FL",en,https://brokeandfixed.com/en/services/interior-painting/south-miami,,Service | LocalBusiness | FAQPage | BreadcrumbList,5,1,18,752,1/5 images missing alt,
https://brokeandfixed.com/es/services/pintura-interior/south-miami,200,https://brokeandfixed.com/es/services/pintura-interior/south-miami,"Pintura Interior en South Miami, FL | Broke & Fixed","Pintura Interior en South Miami, FL. Una mano de pintura fresca lo cambia todo. Preparamos las superficies correctamente, protegemos tus pisos y muebles, y dejamos líneas limpias siempre. Trabajamos con todo tipo de hogares en Miami-Dade. Llame al 786-363-7039 para un presupuesto gratis.",1,"Pintura Interior en South Miami, FL",es,https://brokeandfixed.com/es/services/pintura-interior/south-miami,,Service | LocalBusiness | FAQPage | BreadcrumbList,5,1,18,764,description length 288; 1/5 images missing alt,
https://brokeandfixed.com/en/services/interior-painting/south-miami-heights,200,https://brokeandfixed.com/en/services/interior-painting/south-miami-heights,"Interior Painting in South Miami Heights, FL | Broke & Fixed","Affordable interior painting in South Miami Heights. Full prep, quality paint, and clean results. Call Broke and Fixed 305 for a free estimate.",1,"Interior Painting in South Miami Heights, FL",en,https://brokeandfixed.com/en/services/interior-painting/south-miami-heights,,Service | LocalBusiness | FAQPage | BreadcrumbList,5,1,18,767,1/5 images missing alt,
https://brokeandfixed.com/es/services/pintura-interior/south-miami-heights,200,https://brokeandfixed.com/es/services/pintura-interior/south-miami-heights,"Pintura Interior en South Miami Heights, FL | Broke & Fixed","Pintura Interior en South Miami Heights, FL. Una mano de pintura fresca lo cambia todo. Preparamos las superficies correctamente, protegemos tus pisos y muebles, y dejamos líneas limpias siempre. Trabajamos con todo tipo de hogares en Miami-Dade. Llame al 786-363-7039 para un presupuesto gratis.",1,"Pintura Interior en South Miami Heights, FL",es,https://brokeandfixed.com/es/services/pintura-interior/south-miami-heights,,Service | LocalBusiness | FAQPage | BreadcrumbList,5,1,18,779,description length 296; 1/5 images missing alt,
https://brokeandfixed.com/en/services/interior-painting/miami-gardens,200,https://brokeandfixed.com/en/services/interior-painting/miami-gardens,"Interior Painting in Miami Gardens, FL | Broke & Fixed","Miami Gardens interior painting. Full prep, quality paint, and accent walls done right. Call Broke and Fixed 305 for a free painting estimate.",1,"Interior Painting in Miami Gardens, FL",en,https://brokeandfixed.com/en/services/interior-painting/miami-gardens,,Service | LocalBusiness | FAQPage | BreadcrumbList,5,1,15,755,1/5 images missing alt,
https://brokeandfixed.com/es/services/pintura-interior/miami-gardens,200,https://brokeandfixed.com/es/services/pintura-interior/miami-gardens,"Pintura Interior en Miami Gardens, FL | Broke & Fixed","Pintura Interior en Miami Gardens, FL. Una mano de pintura fresca lo cambia todo. Preparamos las superficies correctamente, protegemos tus pisos y muebles, y dejamos líneas limpias siempre. Trabajamos con todo tipo de hogares en Miami-Dade. Llame al 786-363-7039 para un presupuesto gratis.",1,"Pintura Interior en Miami Gardens, FL",es,https://brokeandfixed.com/es/services/pintura-interior/miami-gardens,,Service | LocalBusiness | FAQPage | BreadcrumbList,5,1,15,767,description length 290; 1/5 images missing alt,
https://brokeandfixed.com/en/services/interior-painting/westchester,200,https://brokeandfixed.com/en/services/interior-painting/westchester,"Interior Painting in Westchester, FL | Broke & Fixed","Westchester interior painting. Professional prep, washable finishes, and clean results. Call Broke and Fixed 305 for a free painting estimate.",1,"Interior Painting in Westchester, FL",en,https://brokeandfixed.com/en/services/interior-painting/westchester,,Service | LocalBusiness | FAQPage | BreadcrumbList,5,1,18,737,1/5 images missing alt,
https://brokeandfixed.com/es/services/pintura-interior/westchester,200,https://brokeandfixed.com/es/services/pintura-interior/westchester,"Pintura Interior en Westchester, FL | Broke & Fixed","Pintura Interior en Westchester, FL. Una mano de pintura fresca lo cambia todo. Preparamos las superficies correctamente, protegemos tus pisos y muebles, y dejamos líneas limpias siempre. Trabajamos con todo tipo de hogares en Miami-Dade. Llame al 786-363-7039 para un presupuesto gratis.",1,"Pintura Interior en Westchester, FL",es,https://brokeandfixed.com/es/services/pintura-interior/westchester,,Service | LocalBusiness | FAQPage | BreadcrumbList,5,1,18,749,description length 288; 1/5 images missing alt,
https://brokeandfixed.com/en/services/interior-painting/coral-gables,200,https://brokeandfixed.com/en/services/interior-painting/coral-gables,"Interior Painting in Coral Gables, FL | Broke & Fixed","Coral Gables interior painting. Ornate trim, plaster walls, and premium finishes for historic homes. Call Broke and Fixed 305 for your consultation.",1,"Interior Painting in Coral Gables, FL",en,https://brokeandfixed.com/en/services/interior-painting/coral-gables,,Service | LocalBusiness | FAQPage | BreadcrumbList,5,1,18,811,1/5 images missing alt,
https://brokeandfixed.com/es/services/pintura-interior/coral-gables,200,https://brokeandfixed.com/es/services/pintura-interior/coral-gables,"Pintura Interior en Coral Gables, FL | Broke & Fixed","Pintura Interior en Coral Gables, FL. Una mano de pintura fresca lo cambia todo. Preparamos las superficies correctamente, protegemos tus pisos y muebles, y dejamos líneas limpias siempre. Trabajamos con todo tipo de hogares en Miami-Dade. Llame al 786-363-7039 para un presupuesto gratis.",1,"Pintura Interior en Coral Gables, FL",es,https://brokeandfixed.com/es/services/pintura-interior/coral-gables,,Service | LocalBusiness | FAQPage | BreadcrumbList,5,1,18,823,description length 289; 1/5 images missing alt,
https://brokeandfixed.com/en/services/interior-painting/country-walk,200,https://brokeandfixed.com/en/services/interior-painting/country-walk,"Interior Painting in Country Walk, FL | Broke & Fixed","Country Walk interior painting. Two-story staging, premium paint, and clean results for family homes. Call Broke and Fixed 305 for a free estimate.",1,"Interior Painting in Country Walk, FL",en,https://brokeandfixed.com/en/services/interior-painting/country-walk,,Service | LocalBusiness | FAQPage | BreadcrumbList,5,1,18,777,1/5 images missing alt,
https://brokeandfixed.com/es/services/pintura-interior/country-walk,200,https://brokeandfixed.com/es/services/pintura-interior/country-walk,"Pintura Interior en Country Walk, FL | Broke & Fixed","Pintura Interior en Country Walk, FL. Una mano de pintura fresca lo cambia todo. Preparamos las superficies correctamente, protegemos tus pisos y muebles, y dejamos líneas limpias siempre. Trabajamos con todo tipo de hogares en Miami-Dade. Llame al 786-363-7039 para un presupuesto gratis.",1,"Pintura Interior en Country Walk, FL",es,https://brokeandfixed.com/es/services/pintura-interior/country-walk,,Service | LocalBusiness | FAQPage | BreadcrumbList,5,1,18,789,description length 289; 1/5 images missing alt,
https://brokeandfixed.com/en/services/interior-painting/coconut-grove,200,https://brokeandfixed.com/en/services/interior-painting/coconut-grove,"Interior Painting in Coconut Grove, FL | Broke & Fixed","Coconut Grove interior painting for historic and modern homes. Any color, any style, done right. Call Broke and Fixed 305 for a free estimate.",1,"Interior Painting in Coconut Grove, FL",en,https://brokeandfixed.com/en/services/interior-painting/coconut-grove,,Service | LocalBusiness | FAQPage | BreadcrumbList,5,1,16,767,1/5 images missing alt,
https://brokeandfixed.com/es/services/pintura-interior/coconut-grove,200,https://brokeandfixed.com/es/services/pintura-interior/coconut-grove,"Pintura Interior en Coconut Grove, FL | Broke & Fixed","Pintura Interior en Coconut Grove, FL. Una mano de pintura fresca lo cambia todo. Preparamos las superficies correctamente, protegemos tus pisos y muebles, y dejamos líneas limpias siempre. Trabajamos con todo tipo de hogares en Miami-Dade. Llame al 786-363-7039 para un presupuesto gratis.",1,"Pintura Interior en Coconut Grove, FL",es,https://brokeandfixed.com/es/services/pintura-interior/coconut-grove,,Service | LocalBusiness | FAQPage | BreadcrumbList,5,1,16,779,description length 290; 1/5 images missing alt,
https://brokeandfixed.com/en/services/exterior-painting/kendall,200,https://brokeandfixed.com/en/services/exterior-painting/kendall,"Exterior Painting in Kendall, FL | Broke & Fixed","Exterior painting in Kendall FL. Pressure washing, stucco repair, and weather-resistant paint for 70s-80s homes. Free estimates from Broke and Fixed 305.",1,"Exterior Painting in Kendall, FL",en,https://brokeandfixed.com/en/services/exterior-painting/kendall,,Service | LocalBusiness | FAQPage | BreadcrumbList,6,1,18,742,1/6 images missing alt,
https://brokeandfixed.com/es/services/pintura-exterior/kendall,200,https://brokeandfixed.com/es/services/pintura-exterior/kendall,"Pintura Exterior en Kendall, FL | Broke & Fixed","Pintura Exterior en Kendall, FL. El clima del sur de Florida es duro con la pintura. Lavamos a presión, raspamos, aplicamos imprimante y usamos recubrimientos diseñados para el calor, la humedad y la lluvia. La apariencia de tu hogar importa y lo tomamos en serio. Llame al 786-363-7039 para un presupuesto gratis.",1,"Pintura Exterior en Kendall, FL",es,https://brokeandfixed.com/es/services/pintura-exterior/kendall,,Service | LocalBusiness | FAQPage | BreadcrumbList,6,1,18,754,description length 314; 1/6 images missing alt,
https://brokeandfixed.com/en/services/exterior-painting/west-kendall,200,https://brokeandfixed.com/en/services/exterior-painting/west-kendall,"Exterior Painting in West Kendall, FL | Broke & Fixed","Exterior painting in West Kendall FL. HOA-compliant colors, UV-resistant paint, and full stucco prep. Free estimates from Broke and Fixed 305.",1,"Exterior Painting in West Kendall, FL",en,https://brokeandfixed.com/en/services/exterior-painting/west-kendall,,Service | LocalBusiness | FAQPage | BreadcrumbList,6,1,18,744,1/6 images missing alt,
https://brokeandfixed.com/es/services/pintura-exterior/west-kendall,200,https://brokeandfixed.com/es/services/pintura-exterior/west-kendall,"Pintura Exterior en West Kendall, FL | Broke & Fixed","Pintura Exterior en West Kendall, FL. El clima del sur de Florida es duro con la pintura. Lavamos a presión, raspamos, aplicamos imprimante y usamos recubrimientos diseñados para el calor, la humedad y la lluvia. La apariencia de tu hogar importa y lo tomamos en serio. Llame al 786-363-7039 para un presupuesto gratis.",1,"Pintura Exterior en West Kendall, FL",es,https://brokeandfixed.com/es/services/pintura-exterior/west-kendall,,Service | LocalBusiness | FAQPage | BreadcrumbList,6,1,18,756,description length 319; 1/6 images missing alt,
https://brokeandfixed.com/en/services/exterior-painting/palmetto-bay,200,https://brokeandfixed.com/en/services/exterior-painting/palmetto-bay,"Exterior Painting in Palmetto Bay, FL | Broke & Fixed","Exterior painting in Palmetto Bay FL. Premium paint, stucco repair, and full prep for larger homes. Free estimates from Broke and Fixed 305.",1,"Exterior Painting in Palmetto Bay, FL",en,https://brokeandfixed.com/en/services/exterior-painting/palmetto-bay,,Service | LocalBusiness | FAQPage | BreadcrumbList,6,1,17,747,1/6 images missing alt,
https://brokeandfixed.com/es/services/pintura-exterior/palmetto-bay,200,https://brokeandfixed.com/es/services/pintura-exterior/palmetto-bay,"Pintura Exterior en Palmetto Bay, FL | Broke & Fixed","Pintura Exterior en Palmetto Bay, FL. El clima del sur de Florida es duro con la pintura. Lavamos a presión, raspamos, aplicamos imprimante y usamos recubrimientos diseñados para el calor, la humedad y la lluvia. La apariencia de tu hogar importa y lo tomamos en serio. Llame al 786-363-7039 para un presupuesto gratis.",1,"Pintura Exterior en Palmetto Bay, FL",es,https://brokeandfixed.com/es/services/pintura-exterior/palmetto-bay,,Service | LocalBusiness | FAQPage | BreadcrumbList,6,1,17,759,description length 319; 1/6 images missing alt,
https://brokeandfixed.com/en/services/exterior-painting/doral,200,https://brokeandfixed.com/en/services/exterior-painting/doral,"Exterior Painting in Doral, FL | Broke & Fixed","Exterior painting in Doral FL. Modern colors, HOA-compliant finishes, and weather-resistant paint for newer homes. Free estimates from Broke and Fixed 305.",1,"Exterior Painting in Doral, FL",en,https://brokeandfixed.com/en/services/exterior-painting/doral,,Service | LocalBusiness | FAQPage | BreadcrumbList,6,1,17,719,1/6 images missing alt,
https://brokeandfixed.com/es/services/pintura-exterior/doral,200,https://brokeandfixed.com/es/services/pintura-exterior/doral,"Pintura Exterior en Doral, FL | Broke & Fixed","Pintura Exterior en Doral, FL. El clima del sur de Florida es duro con la pintura. Lavamos a presión, raspamos, aplicamos imprimante y usamos recubrimientos diseñados para el calor, la humedad y la lluvia. La apariencia de tu hogar importa y lo tomamos en serio. Llame al 786-363-7039 para un presupuesto gratis.",1,"Pintura Exterior en Doral, FL",es,https://brokeandfixed.com/es/services/pintura-exterior/doral,,Service | LocalBusiness | FAQPage | BreadcrumbList,6,1,17,731,description length 312; 1/6 images missing alt,
https://brokeandfixed.com/en/services/exterior-painting/the-hammocks,200,https://brokeandfixed.com/en/services/exterior-painting/the-hammocks,"Exterior Painting in The Hammocks, FL | Broke & Fixed",Exterior painting in The Hammocks FL. Full prep and modern paint for 80s-90s planned community homes. Free estimates from Broke and Fixed 305.,1,"Exterior Painting in The Hammocks, FL",en,https://brokeandfixed.com/en/services/exterior-painting/the-hammocks,,Service | LocalBusiness | FAQPage | BreadcrumbList,6,1,17,751,1/6 images missing alt,
https://brokeandfixed.com/es/services/pintura-exterior/the-hammocks,200,https://brokeandfixed.com/es/services/pintura-exterior/the-hammocks,"Pintura Exterior en The Hammocks, FL | Broke & Fixed","Pintura Exterior en The Hammocks, FL. El clima del sur de Florida es duro con la pintura. Lavamos a presión, raspamos, aplicamos imprimante y usamos recubrimientos diseñados para el calor, la humedad y la lluvia. La apariencia de tu hogar importa y lo tomamos en serio. Llame al 786-363-7039 para un presupuesto gratis.",1,"Pintura Exterior en The Hammocks, FL",es,https://brokeandfixed.com/es/services/pintura-exterior/the-hammocks,,Service | LocalBusiness | FAQPage | BreadcrumbList,6,1,17,763,description length 319; 1/6 images missing alt,
https://brokeandfixed.com/en/services/exterior-painting/the-crossings,200,https://brokeandfixed.com/en/services/exterior-painting/the-crossings,"Exterior Painting in The Crossings, FL | Broke & Fixed","Exterior painting in The Crossings FL. Stucco repair, full prep, and durable paint for 80s homes. Free estimates from Broke and Fixed 305.",1,"Exterior Painting in The Crossings, FL",en,https://brokeandfixed.com/en/services/exterior-painting/the-crossings,,Service | LocalBusiness | FAQPage | BreadcrumbList,6,1,18,757,1/6 images missing alt,
https://brokeandfixed.com/es/services/pintura-exterior/the-crossings,200,https://brokeandfixed.com/es/services/pintura-exterior/the-crossings,"Pintura Exterior en The Crossings, FL | Broke & Fixed","Pintura Exterior en The Crossings, FL. El clima del sur de Florida es duro con la pintura. Lavamos a presión, raspamos, aplicamos imprimante y usamos recubrimientos diseñados para el calor, la humedad y la lluvia. La apariencia de tu hogar importa y lo tomamos en serio. Llame al 786-363-7039 para un presupuesto gratis.",1,"Pintura Exterior en The Crossings, FL",es,https://brokeandfixed.com/es/services/pintura-exterior/the-crossings,,Service | LocalBusiness | FAQPage | BreadcrumbList,6,1,18,769,description length 320; 1/6 images missing alt,
https://brokeandfixed.com/en/services/exterior-painting/kendale-lakes,200,https://brokeandfixed.com/en/services/exterior-painting/kendale-lakes,"Exterior Painting in Kendale Lakes, FL | Broke & Fixed",Exterior painting in Kendale Lakes FL. Budget-friendly prep and paint for 70s-80s ranch homes. Free estimates from Broke and Fixed 305.,1,"Exterior Painting in Kendale Lakes, FL",en,https://brokeandfixed.com/en/services/exterior-painting/kendale-lakes,,Service | LocalBusiness | FAQPage | BreadcrumbList,6,1,18,743,1/6 images missing alt,
https://brokeandfixed.com/es/services/pintura-exterior/kendale-lakes,200,https://brokeandfixed.com/es/services/pintura-exterior/kendale-lakes,"Pintura Exterior en Kendale Lakes, FL | Broke & Fixed","Pintura Exterior en Kendale Lakes, FL. El clima del sur de Florida es duro con la pintura. Lavamos a presión, raspamos, aplicamos imprimante y usamos recubrimientos diseñados para el calor, la humedad y la lluvia. La apariencia de tu hogar importa y lo tomamos en serio. Llame al 786-363-7039 para un presupuesto gratis.",1,"Pintura Exterior en Kendale Lakes, FL",es,https://brokeandfixed.com/es/services/pintura-exterior/kendale-lakes,,Service | LocalBusiness | FAQPage | BreadcrumbList,6,1,18,755,description length 320; 1/6 images missing alt,
https://brokeandfixed.com/en/services/exterior-painting/sweetwater,200,https://brokeandfixed.com/en/services/exterior-painting/sweetwater,"Exterior Painting in Sweetwater, FL | Broke & Fixed",Exterior painting in Sweetwater FL. Fast turnarounds and quality paint for homes and rental properties. Free estimates from Broke and Fixed 305.,1,"Exterior Painting in Sweetwater, FL",en,https://brokeandfixed.com/en/services/exterior-painting/sweetwater,,Service | LocalBusiness | FAQPage | BreadcrumbList,6,1,17,709,1/6 images missing alt,
https://brokeandfixed.com/es/services/pintura-exterior/sweetwater,200,https://brokeandfixed.com/es/services/pintura-exterior/sweetwater,"Pintura Exterior en Sweetwater, FL | Broke & Fixed","Pintura Exterior en Sweetwater, FL. El clima del sur de Florida es duro con la pintura. Lavamos a presión, raspamos, aplicamos imprimante y usamos recubrimientos diseñados para el calor, la humedad y la lluvia. La apariencia de tu hogar importa y lo tomamos en serio. Llame al 786-363-7039 para un presupuesto gratis.",1,"Pintura Exterior en Sweetwater, FL",es,https://brokeandfixed.com/es/services/pintura-exterior/sweetwater,,Service | LocalBusiness | FAQPage | BreadcrumbList,6,1,17,721,description length 317; 1/6 images missing alt,
https://brokeandfixed.com/en/services/exterior-painting/cutler-bay,200,https://brokeandfixed.com/en/services/exterior-painting/cutler-bay,"Exterior Painting in Cutler Bay, FL | Broke & Fixed",Exterior painting in Cutler Bay FL. Salt-resistant paint and full stucco repair for coastal homes. Free estimates from Broke and Fixed 305.,1,"Exterior Painting in Cutler Bay, FL",en,https://brokeandfixed.com/en/services/exterior-painting/cutler-bay,,Service | LocalBusiness | FAQPage | BreadcrumbList,6,1,17,739,1/6 images missing alt,
https://brokeandfixed.com/es/services/pintura-exterior/cutler-bay,200,https://brokeandfixed.com/es/services/pintura-exterior/cutler-bay,"Pintura Exterior en Cutler Bay, FL | Broke & Fixed","Pintura Exterior en Cutler Bay, FL. El clima del sur de Florida es duro con la pintura. Lavamos a presión, raspamos, aplicamos imprimante y usamos recubrimientos diseñados para el calor, la humedad y la lluvia. La apariencia de tu hogar importa y lo tomamos en serio. Llame al 786-363-7039 para un presupuesto gratis.",1,"Pintura Exterior en Cutler Bay, FL",es,https://brokeandfixed.com/es/services/pintura-exterior/cutler-bay,,Service | LocalBusiness | FAQPage | BreadcrumbList,6,1,17,751,description length 317; 1/6 images missing alt,
https://brokeandfixed.com/en/services/exterior-painting/pinecrest,200,https://brokeandfixed.com/en/services/exterior-painting/pinecrest,"Exterior Painting in Pinecrest, FL | Broke & Fixed",Exterior painting in Pinecrest FL. Premium paint and expert prep for estate homes on large lots. Free estimates from Broke and Fixed 305.,1,"Exterior Painting in Pinecrest, FL",en,https://brokeandfixed.com/en/services/exterior-painting/pinecrest,,Service | LocalBusiness | FAQPage | BreadcrumbList,6,1,18,733,1/6 images missing alt,
https://brokeandfixed.com/es/services/pintura-exterior/pinecrest,200,https://brokeandfixed.com/es/services/pintura-exterior/pinecrest,"Pintura Exterior en Pinecrest, FL | Broke & Fixed","Pintura Exterior en Pinecrest, FL. El clima del sur de Florida es duro con la pintura. Lavamos a presión, raspamos, aplicamos imprimante y usamos recubrimientos diseñados para el calor, la humedad y la lluvia. La apariencia de tu hogar importa y lo tomamos en serio. Llame al 786-363-7039 para un presupuesto gratis.",1,"Pintura Exterior en Pinecrest, FL",es,https://brokeandfixed.com/es/services/pintura-exterior/pinecrest,,Service | LocalBusiness | FAQPage | BreadcrumbList,6,1,18,745,description length 316; 1/6 images missing alt,
https://brokeandfixed.com/en/services/exterior-painting/south-miami,200,https://brokeandfixed.com/en/services/exterior-painting/south-miami,"Exterior Painting in South Miami, FL | Broke & Fixed",Exterior painting in South Miami FL. Careful prep for historic homes with character-preserving finishes. Free estimates from Broke and Fixed 305.,1,"Exterior Painting in South Miami, FL",en,https://brokeandfixed.com/en/services/exterior-painting/south-miami,,Service | LocalBusiness | FAQPage | BreadcrumbList,6,1,18,742,1/6 images missing alt,
https://brokeandfixed.com/es/services/pintura-exterior/south-miami,200,https://brokeandfixed.com/es/services/pintura-exterior/south-miami,"Pintura Exterior en South Miami, FL | Broke & Fixed","Pintura Exterior en South Miami, FL. El clima del sur de Florida es duro con la pintura. Lavamos a presión, raspamos, aplicamos imprimante y usamos recubrimientos diseñados para el calor, la humedad y la lluvia. La apariencia de tu hogar importa y lo tomamos en serio. Llame al 786-363-7039 para un presupuesto gratis.",1,"Pintura Exterior en South Miami, FL",es,https://brokeandfixed.com/es/services/pintura-exterior/south-miami,,Service | LocalBusiness | FAQPage | BreadcrumbList,6,1,18,754,description length 318; 1/6 images missing alt,
https://brokeandfixed.com/en/services/exterior-painting/south-miami-heights,200,https://brokeandfixed.com/en/services/exterior-painting/south-miami-heights,"Exterior Painting in South Miami Heights, FL | Broke & Fixed","Exterior painting in South Miami Heights FL. Affordable, durable paint for 70s-80s CBS homes. Free estimates from Broke and Fixed 305.",1,"Exterior Painting in South Miami Heights, FL",en,https://brokeandfixed.com/en/services/exterior-painting/south-miami-heights,,Service | LocalBusiness | FAQPage | BreadcrumbList,6,1,18,760,1/6 images missing alt,
https://brokeandfixed.com/es/services/pintura-exterior/south-miami-heights,200,https://brokeandfixed.com/es/services/pintura-exterior/south-miami-heights,"Pintura Exterior en South Miami Heights, FL | Broke & Fixed","Pintura Exterior en South Miami Heights, FL. El clima del sur de Florida es duro con la pintura. Lavamos a presión, raspamos, aplicamos imprimante y usamos recubrimientos diseñados para el calor, la humedad y la lluvia. La apariencia de tu hogar importa y lo tomamos en serio. Llame al 786-363-7039 para un presupuesto gratis.",1,"Pintura Exterior en South Miami Heights, FL",es,https://brokeandfixed.com/es/services/pintura-exterior/south-miami-heights,,Service | LocalBusiness | FAQPage | BreadcrumbList,6,1,18,772,description length 326; 1/6 images missing alt,
https://brokeandfixed.com/en/services/exterior-painting/miami-gardens,200,https://brokeandfixed.com/en/services/exterior-painting/miami-gardens,"Exterior Painting in Miami Gardens, FL | Broke & Fixed",Exterior painting in Miami Gardens FL. Full exterior refresh with stucco and fascia repairs. Free estimates from Broke and Fixed 305.,1,"Exterior Painting in Miami Gardens, FL",en,https://brokeandfixed.com/en/services/exterior-painting/miami-gardens,,Service | LocalBusiness | FAQPage | BreadcrumbList,6,1,15,735,1/6 images missing alt,
https://brokeandfixed.com/es/services/pintura-exterior/miami-gardens,200,https://brokeandfixed.com/es/services/pintura-exterior/miami-gardens,"Pintura Exterior en Miami Gardens, FL | Broke & Fixed","Pintura Exterior en Miami Gardens, FL. El clima del sur de Florida es duro con la pintura. Lavamos a presión, raspamos, aplicamos imprimante y usamos recubrimientos diseñados para el calor, la humedad y la lluvia. La apariencia de tu hogar importa y lo tomamos en serio. Llame al 786-363-7039 para un presupuesto gratis.",1,"Pintura Exterior en Miami Gardens, FL",es,https://brokeandfixed.com/es/services/pintura-exterior/miami-gardens,,Service | LocalBusiness | FAQPage | BreadcrumbList,6,1,15,747,description length 320; 1/6 images missing alt,
https://brokeandfixed.com/en/services/exterior-painting/westchester,200,https://brokeandfixed.com/en/services/exterior-painting/westchester,"Exterior Painting in Westchester, FL | Broke & Fixed",Exterior painting in Westchester FL. Expert prep and durable paint for 60s-70s CBS block homes. Free estimates from Broke and Fixed 305.,1,"Exterior Painting in Westchester, FL",en,https://brokeandfixed.com/en/services/exterior-painting/westchester,,Service | LocalBusiness | FAQPage | BreadcrumbList,6,1,18,726,1/6 images missing alt,
https://brokeandfixed.com/es/services/pintura-exterior/westchester,200,https://brokeandfixed.com/es/services/pintura-exterior/westchester,"Pintura Exterior en Westchester, FL | Broke & Fixed","Pintura Exterior en Westchester, FL. El clima del sur de Florida es duro con la pintura. Lavamos a presión, raspamos, aplicamos imprimante y usamos recubrimientos diseñados para el calor, la humedad y la lluvia. La apariencia de tu hogar importa y lo tomamos en serio. Llame al 786-363-7039 para un presupuesto gratis.",1,"Pintura Exterior en Westchester, FL",es,https://brokeandfixed.com/es/services/pintura-exterior/westchester,,Service | LocalBusiness | FAQPage | BreadcrumbList,6,1,18,738,description length 318; 1/6 images missing alt,
https://brokeandfixed.com/en/services/exterior-painting/coral-gables,200,https://brokeandfixed.com/en/services/exterior-painting/coral-gables,"Exterior Painting in Coral Gables, FL | Broke & Fixed",Exterior painting in Coral Gables FL. City-compliant colors and premium finishes for historic homes. Free estimates from Broke and Fixed 305.,1,"Exterior Painting in Coral Gables, FL",en,https://brokeandfixed.com/en/services/exterior-painting/coral-gables,,Service | LocalBusiness | FAQPage | BreadcrumbList,6,1,18,751,1/6 images missing alt,
https://brokeandfixed.com/es/services/pintura-exterior/coral-gables,200,https://brokeandfixed.com/es/services/pintura-exterior/coral-gables,"Pintura Exterior en Coral Gables, FL | Broke & Fixed","Pintura Exterior en Coral Gables, FL. El clima del sur de Florida es duro con la pintura. Lavamos a presión, raspamos, aplicamos imprimante y usamos recubrimientos diseñados para el calor, la humedad y la lluvia. La apariencia de tu hogar importa y lo tomamos en serio. Llame al 786-363-7039 para un presupuesto gratis.",1,"Pintura Exterior en Coral Gables, FL",es,https://brokeandfixed.com/es/services/pintura-exterior/coral-gables,,Service | LocalBusiness | FAQPage | BreadcrumbList,6,1,18,763,description length 319; 1/6 images missing alt,
https://brokeandfixed.com/en/services/exterior-painting/country-walk,200,https://brokeandfixed.com/en/services/exterior-painting/country-walk,"Exterior Painting in Country Walk, FL | Broke & Fixed","Exterior painting in Country Walk, Miami. Stucco crack repair, pressure washing, HOA-approved colors, elastomeric coatings. Insured local crew. Free estimate.",1,"Exterior Painting in Country Walk, FL",en,https://brokeandfixed.com/en/services/exterior-painting/country-walk,,Service | LocalBusiness | FAQPage | BreadcrumbList,6,1,18,2045,1/6 images missing alt,
https://brokeandfixed.com/es/services/pintura-exterior/country-walk,200,https://brokeandfixed.com/es/services/pintura-exterior/country-walk,"Pintura Exterior en Country Walk, FL | Broke & Fixed","Pintura exterior en Country Walk, Miami. Arreglo de grietas en estuco, lavado a presion y colores aprobados por la asociacion. Cuadrilla local. Estimado gratis.",1,"Pintura Exterior en Country Walk, FL",es,https://brokeandfixed.com/es/services/pintura-exterior/country-walk,,Service | LocalBusiness | FAQPage | BreadcrumbList,6,1,18,2200,1/6 images missing alt,
https://brokeandfixed.com/en/services/exterior-painting/coconut-grove,200,https://brokeandfixed.com/en/services/exterior-painting/coconut-grove,"Exterior Painting in Coconut Grove, FL | Broke & Fixed",Exterior painting in Coconut Grove FL. Custom colors and expert prep for historic and modern homes. Free estimates from Broke and Fixed 305.,1,"Exterior Painting in Coconut Grove, FL",en,https://brokeandfixed.com/en/services/exterior-painting/coconut-grove,,Service | LocalBusiness | FAQPage | BreadcrumbList,6,1,16,731,1/6 images missing alt,
https://brokeandfixed.com/es/services/pintura-exterior/coconut-grove,200,https://brokeandfixed.com/es/services/pintura-exterior/coconut-grove,"Pintura Exterior en Coconut Grove, FL | Broke & Fixed","Pintura Exterior en Coconut Grove, FL. El clima del sur de Florida es duro con la pintura. Lavamos a presión, raspamos, aplicamos imprimante y usamos recubrimientos diseñados para el calor, la humedad y la lluvia. La apariencia de tu hogar importa y lo tomamos en serio. Llame al 786-363-7039 para un presupuesto gratis.",1,"Pintura Exterior en Coconut Grove, FL",es,https://brokeandfixed.com/es/services/pintura-exterior/coconut-grove,,Service | LocalBusiness | FAQPage | BreadcrumbList,6,1,16,743,description length 320; 1/6 images missing alt,
https://brokeandfixed.com/en/services/tile-work/kendall,200,https://brokeandfixed.com/en/services/tile-work/kendall,"Tile Work in Kendall, FL | Broke & Fixed","Tile work in Kendall FL. Floor tile, shower surrounds, and backsplashes for 70s-80s homes. Free estimates from Broke and Fixed 305.",1,"Tile Work in Kendall, FL",en,https://brokeandfixed.com/en/services/tile-work/kendall,,Service | LocalBusiness | FAQPage | BreadcrumbList,5,1,18,725,1/5 images missing alt,
https://brokeandfixed.com/es/services/instalacion-de-pisos/kendall,200,https://brokeandfixed.com/es/services/instalacion-de-pisos/kendall,"Instalación de Pisos en Kendall, FL | Broke & Fixed","Instalación de Pisos en Kendall, FL. Instalamos azulejos para pisos, duchas, salpicaderos y más. Porcelanato, cerámica, piedra natural, formato grande, cualquiera que sea el material, lo colocamos nivelado, con juntas firmes y hecho para durar en el clima de Miami. Llame al 786-363-7039 para un presupuesto gratis.",1,"Instalación de Pisos en Kendall, FL",es,https://brokeandfixed.com/es/services/instalacion-de-pisos/kendall,,Service | LocalBusiness | FAQPage | BreadcrumbList,5,1,18,751,description length 315; 1/5 images missing alt,
https://brokeandfixed.com/en/services/tile-work/west-kendall,200,https://brokeandfixed.com/en/services/tile-work/west-kendall,"Tile Work in West Kendall, FL | Broke & Fixed",Tile work in West Kendall FL. Upgrade builder-grade floors and showers with modern porcelain and ceramic. Free estimates from Broke and Fixed 305.,1,"Tile Work in West Kendall, FL",en,https://brokeandfixed.com/en/services/tile-work/west-kendall,,Service | LocalBusiness | FAQPage | BreadcrumbList,5,1,18,730,1/5 images missing alt,
https://brokeandfixed.com/es/services/instalacion-de-pisos/west-kendall,200,https://brokeandfixed.com/es/services/instalacion-de-pisos/west-kendall,"Instalación de Pisos en West Kendall, FL | Broke & Fixed","Instalación de Pisos en West Kendall, FL. Instalamos azulejos para pisos, duchas, salpicaderos y más. Porcelanato, cerámica, piedra natural, formato grande, cualquiera que sea el material, lo colocamos nivelado, con juntas firmes y hecho para durar en el clima de Miami. Llame al 786-363-7039 para un presupuesto gratis.",1,"Instalación de Pisos en West Kendall, FL",es,https://brokeandfixed.com/es/services/instalacion-de-pisos/west-kendall,,Service | LocalBusiness | FAQPage | BreadcrumbList,5,1,18,756,description length 320; 1/5 images missing alt,
https://brokeandfixed.com/en/services/tile-work/palmetto-bay,200,https://brokeandfixed.com/en/services/tile-work/palmetto-bay,"Tile Work in Palmetto Bay, FL | Broke & Fixed","Tile work in Palmetto Bay FL. Premium porcelain, natural stone, and custom showers for upscale homes. Free estimates from Broke and Fixed 305.",1,"Tile Work in Palmetto Bay, FL",en,https://brokeandfixed.com/en/services/tile-work/palmetto-bay,,Service | LocalBusiness | FAQPage | BreadcrumbList,5,1,17,748,1/5 images missing alt,
https://brokeandfixed.com/es/services/instalacion-de-pisos/palmetto-bay,200,https://brokeandfixed.com/es/services/instalacion-de-pisos/palmetto-bay,"Instalación de Pisos en Palmetto Bay, FL | Broke & Fixed","Instalación de Pisos en Palmetto Bay, FL. Instalamos azulejos para pisos, duchas, salpicaderos y más. Porcelanato, cerámica, piedra natural, formato grande, cualquiera que sea el material, lo colocamos nivelado, con juntas firmes y hecho para durar en el clima de Miami. Llame al 786-363-7039 para un presupuesto gratis.",1,"Instalación de Pisos en Palmetto Bay, FL",es,https://brokeandfixed.com/es/services/instalacion-de-pisos/palmetto-bay,,Service | LocalBusiness | FAQPage | BreadcrumbList,5,1,17,774,description length 320; 1/5 images missing alt,
https://brokeandfixed.com/en/services/tile-work/doral,200,https://brokeandfixed.com/en/services/tile-work/doral,"Tile Work in Doral, FL | Broke & Fixed","Tile work in Doral FL. Modern porcelain, backsplashes, and shower tile for condos and homes. Free estimates from Broke and Fixed 305.",1,"Tile Work in Doral, FL",en,https://brokeandfixed.com/en/services/tile-work/doral,,Service | LocalBusiness | FAQPage | BreadcrumbList,5,1,17,722,1/5 images missing alt,
https://brokeandfixed.com/es/services/instalacion-de-pisos/doral,200,https://brokeandfixed.com/es/services/instalacion-de-pisos/doral,"Instalación de Pisos en Doral, FL | Broke & Fixed","Instalación de Pisos en Doral, FL. Instalamos azulejos para pisos, duchas, salpicaderos y más. Porcelanato, cerámica, piedra natural, formato grande, cualquiera que sea el material, lo colocamos nivelado, con juntas firmes y hecho para durar en el clima de Miami. Llame al 786-363-7039 para un presupuesto gratis.",1,"Instalación de Pisos en Doral, FL",es,https://brokeandfixed.com/es/services/instalacion-de-pisos/doral,,Service | LocalBusiness | FAQPage | BreadcrumbList,5,1,17,748,description length 313; 1/5 images missing alt,
https://brokeandfixed.com/en/services/tile-work/the-hammocks,200,https://brokeandfixed.com/en/services/tile-work/the-hammocks,"Tile Work in The Hammocks, FL | Broke & Fixed",Tile work in The Hammocks FL. Replace 80s-90s builder-grade tile with modern porcelain and ceramic. Free estimates from Broke and Fixed 305.,1,"Tile Work in The Hammocks, FL",en,https://brokeandfixed.com/en/services/tile-work/the-hammocks,,Service | LocalBusiness | FAQPage | BreadcrumbList,5,1,17,742,1/5 images missing alt,
https://brokeandfixed.com/es/services/instalacion-de-pisos/the-hammocks,200,https://brokeandfixed.com/es/services/instalacion-de-pisos/the-hammocks,"Instalación de Pisos en The Hammocks, FL | Broke & Fixed","Instalación de Pisos en The Hammocks, FL. Instalamos azulejos para pisos, duchas, salpicaderos y más. Porcelanato, cerámica, piedra natural, formato grande, cualquiera que sea el material, lo colocamos nivelado, con juntas firmes y hecho para durar en el clima de Miami. Llame al 786-363-7039 para un presupuesto gratis.",1,"Instalación de Pisos en The Hammocks, FL",es,https://brokeandfixed.com/es/services/instalacion-de-pisos/the-hammocks,,Service | LocalBusiness | FAQPage | BreadcrumbList,5,1,17,768,description length 320; 1/5 images missing alt,
https://brokeandfixed.com/en/services/tile-work/the-crossings,200,https://brokeandfixed.com/en/services/tile-work/the-crossings,"Tile Work in The Crossings, FL | Broke & Fixed",Tile work in The Crossings FL. Replace cracking 80s tile floors and showers with modern finishes. Free estimates from Broke and Fixed 305.,1,"Tile Work in The Crossings, FL",en,https://brokeandfixed.com/en/services/tile-work/the-crossings,,Service | LocalBusiness | FAQPage | BreadcrumbList,5,1,18,731,1/5 images missing alt,
https://brokeandfixed.com/es/services/instalacion-de-pisos/the-crossings,200,https://brokeandfixed.com/es/services/instalacion-de-pisos/the-crossings,"Instalación de Pisos en The Crossings, FL | Broke & Fixed","Instalación de Pisos en The Crossings, FL. Instalamos azulejos para pisos, duchas, salpicaderos y más. Porcelanato, cerámica, piedra natural, formato grande, cualquiera que sea el material, lo colocamos nivelado, con juntas firmes y hecho para durar en el clima de Miami. Llame al 786-363-7039 para un presupuesto gratis.",1,"Instalación de Pisos en The Crossings, FL",es,https://brokeandfixed.com/es/services/instalacion-de-pisos/the-crossings,,Service | LocalBusiness | FAQPage | BreadcrumbList,5,1,18,757,description length 321; 1/5 images missing alt,
https://brokeandfixed.com/en/services/tile-work/kendale-lakes,200,https://brokeandfixed.com/en/services/tile-work/kendale-lakes,"Tile Work in Kendale Lakes, FL | Broke & Fixed","Tile work in Kendale Lakes FL. Budget-friendly tile for floors, showers, and backsplashes in older ranch homes. Free estimates from Broke and Fixed 305.",1,"Tile Work in Kendale Lakes, FL",en,https://brokeandfixed.com/en/services/tile-work/kendale-lakes,,Service | LocalBusiness | FAQPage | BreadcrumbList,5,1,18,748,1/5 images missing alt,
https://brokeandfixed.com/es/services/instalacion-de-pisos/kendale-lakes,200,https://brokeandfixed.com/es/services/instalacion-de-pisos/kendale-lakes,"Instalación de Pisos en Kendale Lakes, FL | Broke & Fixed","Instalación de Pisos en Kendale Lakes, FL. Instalamos azulejos para pisos, duchas, salpicaderos y más. Porcelanato, cerámica, piedra natural, formato grande, cualquiera que sea el material, lo colocamos nivelado, con juntas firmes y hecho para durar en el clima de Miami. Llame al 786-363-7039 para un presupuesto gratis.",1,"Instalación de Pisos en Kendale Lakes, FL",es,https://brokeandfixed.com/es/services/instalacion-de-pisos/kendale-lakes,,Service | LocalBusiness | FAQPage | BreadcrumbList,5,1,18,774,description length 321; 1/5 images missing alt,
https://brokeandfixed.com/en/services/tile-work/sweetwater,200,https://brokeandfixed.com/en/services/tile-work/sweetwater,"Tile Work in Sweetwater, FL | Broke & Fixed","Tile work in Sweetwater FL. Fast, quality tile installation for homes and rental properties. Free estimates from Broke and Fixed 305.",1,"Tile Work in Sweetwater, FL",en,https://brokeandfixed.com/en/services/tile-work/sweetwater,,Service | LocalBusiness | FAQPage | BreadcrumbList,5,1,17,713,1/5 images missing alt,
https://brokeandfixed.com/es/services/instalacion-de-pisos/sweetwater,200,https://brokeandfixed.com/es/services/instalacion-de-pisos/sweetwater,"Instalación de Pisos en Sweetwater, FL | Broke & Fixed","Instalación de Pisos en Sweetwater, FL. Instalamos azulejos para pisos, duchas, salpicaderos y más. Porcelanato, cerámica, piedra natural, formato grande, cualquiera que sea el material, lo colocamos nivelado, con juntas firmes y hecho para durar en el clima de Miami. Llame al 786-363-7039 para un presupuesto gratis.",1,"Instalación de Pisos en Sweetwater, FL",es,https://brokeandfixed.com/es/services/instalacion-de-pisos/sweetwater,,Service | LocalBusiness | FAQPage | BreadcrumbList,5,1,17,739,description length 318; 1/5 images missing alt,
https://brokeandfixed.com/en/services/tile-work/cutler-bay,200,https://brokeandfixed.com/en/services/tile-work/cutler-bay,"Tile Work in Cutler Bay, FL | Broke & Fixed",Tile work in Cutler Bay FL. Tile replacement for flood damage and upgrades for newer homes. Free estimates from Broke and Fixed 305.,1,"Tile Work in Cutler Bay, FL",en,https://brokeandfixed.com/en/services/tile-work/cutler-bay,,Service | LocalBusiness | FAQPage | BreadcrumbList,5,1,17,738,1/5 images missing alt,
https://brokeandfixed.com/es/services/instalacion-de-pisos/cutler-bay,200,https://brokeandfixed.com/es/services/instalacion-de-pisos/cutler-bay,"Instalación de Pisos en Cutler Bay, FL | Broke & Fixed","Instalación de Pisos en Cutler Bay, FL. Instalamos azulejos para pisos, duchas, salpicaderos y más. Porcelanato, cerámica, piedra natural, formato grande, cualquiera que sea el material, lo colocamos nivelado, con juntas firmes y hecho para durar en el clima de Miami. Llame al 786-363-7039 para un presupuesto gratis.",1,"Instalación de Pisos en Cutler Bay, FL",es,https://brokeandfixed.com/es/services/instalacion-de-pisos/cutler-bay,,Service | LocalBusiness | FAQPage | BreadcrumbList,5,1,17,764,description length 318; 1/5 images missing alt,
https://brokeandfixed.com/en/services/tile-work/pinecrest,200,https://brokeandfixed.com/en/services/tile-work/pinecrest,"Tile Work in Pinecrest, FL | Broke & Fixed","Tile work in Pinecrest FL. Natural stone, custom showers, and premium porcelain for estate homes. Free estimates from Broke and Fixed 305.",1,"Tile Work in Pinecrest, FL",en,https://brokeandfixed.com/en/services/tile-work/pinecrest,,Service | LocalBusiness | FAQPage | BreadcrumbList,5,1,18,713,1/5 images missing alt,
https://brokeandfixed.com/es/services/instalacion-de-pisos/pinecrest,200,https://brokeandfixed.com/es/services/instalacion-de-pisos/pinecrest,"Instalación de Pisos en Pinecrest, FL | Broke & Fixed","Instalación de Pisos en Pinecrest, FL. Instalamos azulejos para pisos, duchas, salpicaderos y más. Porcelanato, cerámica, piedra natural, formato grande, cualquiera que sea el material, lo colocamos nivelado, con juntas firmes y hecho para durar en el clima de Miami. Llame al 786-363-7039 para un presupuesto gratis.",1,"Instalación de Pisos en Pinecrest, FL",es,https://brokeandfixed.com/es/services/instalacion-de-pisos/pinecrest,,Service | LocalBusiness | FAQPage | BreadcrumbList,5,1,18,739,description length 317; 1/5 images missing alt,
https://brokeandfixed.com/en/services/tile-work/south-miami,200,https://brokeandfixed.com/en/services/tile-work/south-miami,"Tile Work in South Miami, FL | Broke & Fixed",Tile work in South Miami FL. Tile restoration and installation that preserves historic home character. Free estimates from Broke and Fixed 305.,1,"Tile Work in South Miami, FL",en,https://brokeandfixed.com/en/services/tile-work/south-miami,,Service | LocalBusiness | FAQPage | BreadcrumbList,5,1,18,744,1/5 images missing alt,
https://brokeandfixed.com/es/services/instalacion-de-pisos/south-miami,200,https://brokeandfixed.com/es/services/instalacion-de-pisos/south-miami,"Instalación de Pisos en South Miami, FL | Broke & Fixed","Instalación de Pisos en South Miami, FL. Instalamos azulejos para pisos, duchas, salpicaderos y más. Porcelanato, cerámica, piedra natural, formato grande, cualquiera que sea el material, lo colocamos nivelado, con juntas firmes y hecho para durar en el clima de Miami. Llame al 786-363-7039 para un presupuesto gratis.",1,"Instalación de Pisos en South Miami, FL",es,https://brokeandfixed.com/es/services/instalacion-de-pisos/south-miami,,Service | LocalBusiness | FAQPage | BreadcrumbList,5,1,18,770,description length 319; 1/5 images missing alt,
https://brokeandfixed.com/en/services/tile-work/south-miami-heights,200,https://brokeandfixed.com/en/services/tile-work/south-miami-heights,"Tile Work in South Miami Heights, FL | Broke & Fixed","Tile work in South Miami Heights FL. Affordable ceramic and vinyl tile for floors, showers, and backsplashes. Free estimates from Broke and Fixed 305.",1,"Tile Work in South Miami Heights, FL",en,https://brokeandfixed.com/en/services/tile-work/south-miami-heights,,Service | LocalBusiness | FAQPage | BreadcrumbList,5,1,18,766,1/5 images missing alt,
https://brokeandfixed.com/es/services/instalacion-de-pisos/south-miami-heights,200,https://brokeandfixed.com/es/services/instalacion-de-pisos/south-miami-heights,"Instalación de Pisos en South Miami Heights, FL | Broke & Fixed","Instalación de Pisos en South Miami Heights, FL. Instalamos azulejos para pisos, duchas, salpicaderos y más. Porcelanato, cerámica, piedra natural, formato grande, cualquiera que sea el material, lo colocamos nivelado, con juntas firmes y hecho para durar en el clima de Miami. Llame al 786-363-7039 para un presupuesto gratis.",1,"Instalación de Pisos en South Miami Heights, FL",es,https://brokeandfixed.com/es/services/instalacion-de-pisos/south-miami-heights,,Service | LocalBusiness | FAQPage | BreadcrumbList,5,1,18,792,description length 327; 1/5 images missing alt,
https://brokeandfixed.com/en/services/tile-work/miami-gardens,200,https://brokeandfixed.com/en/services/tile-work/miami-gardens,"Tile Work in Miami Gardens, FL | Broke & Fixed","Tile work in Miami Gardens FL. Floor tile, showers, and backsplashes for homes of all ages. Free estimates from Broke and Fixed 305.",1,"Tile Work in Miami Gardens, FL",en,https://brokeandfixed.com/en/services/tile-work/miami-gardens,,Service | LocalBusiness | FAQPage | BreadcrumbList,5,1,15,729,1/5 images missing alt,
https://brokeandfixed.com/es/services/instalacion-de-pisos/miami-gardens,200,https://brokeandfixed.com/es/services/instalacion-de-pisos/miami-gardens,"Instalación de Pisos en Miami Gardens, FL | Broke & Fixed","Instalación de Pisos en Miami Gardens, FL. Instalamos azulejos para pisos, duchas, salpicaderos y más. Porcelanato, cerámica, piedra natural, formato grande, cualquiera que sea el material, lo colocamos nivelado, con juntas firmes y hecho para durar en el clima de Miami. Llame al 786-363-7039 para un presupuesto gratis.",1,"Instalación de Pisos en Miami Gardens, FL",es,https://brokeandfixed.com/es/services/instalacion-de-pisos/miami-gardens,,Service | LocalBusiness | FAQPage | BreadcrumbList,5,1,15,755,description length 321; 1/5 images missing alt,
https://brokeandfixed.com/en/services/tile-work/westchester,200,https://brokeandfixed.com/en/services/tile-work/westchester,"Tile Work in Westchester, FL | Broke & Fixed",Tile work in Westchester FL. Terrazzo restoration and modern tile installation for 60s-70s homes. Free estimates from Broke and Fixed 305.,1,"Tile Work in Westchester, FL",en,https://brokeandfixed.com/en/services/tile-work/westchester,,Service | LocalBusiness | FAQPage | BreadcrumbList,5,1,18,723,1/5 images missing alt,
https://brokeandfixed.com/es/services/instalacion-de-pisos/westchester,200,https://brokeandfixed.com/es/services/instalacion-de-pisos/westchester,"Instalación de Pisos en Westchester, FL | Broke & Fixed","Instalación de Pisos en Westchester, FL. Instalamos azulejos para pisos, duchas, salpicaderos y más. Porcelanato, cerámica, piedra natural, formato grande, cualquiera que sea el material, lo colocamos nivelado, con juntas firmes y hecho para durar en el clima de Miami. Llame al 786-363-7039 para un presupuesto gratis.",1,"Instalación de Pisos en Westchester, FL",es,https://brokeandfixed.com/es/services/instalacion-de-pisos/westchester,,Service | LocalBusiness | FAQPage | BreadcrumbList,5,1,18,749,description length 319; 1/5 images missing alt,
https://brokeandfixed.com/en/services/tile-work/coral-gables,200,https://brokeandfixed.com/en/services/tile-work/coral-gables,"Tile Work in Coral Gables, FL | Broke & Fixed","Tile work in Coral Gables FL. Premium stone, historic restoration, and custom tile for distinguished homes. Free estimates from Broke and Fixed 305.",1,"Tile Work in Coral Gables, FL",en,https://brokeandfixed.com/en/services/tile-work/coral-gables,,Service | LocalBusiness | FAQPage | BreadcrumbList,5,1,18,732,1/5 images missing alt,
https://brokeandfixed.com/es/services/instalacion-de-pisos/coral-gables,200,https://brokeandfixed.com/es/services/instalacion-de-pisos/coral-gables,"Instalación de Pisos en Coral Gables, FL | Broke & Fixed","Instalación de Pisos en Coral Gables, FL. Instalamos azulejos para pisos, duchas, salpicaderos y más. Porcelanato, cerámica, piedra natural, formato grande, cualquiera que sea el material, lo colocamos nivelado, con juntas firmes y hecho para durar en el clima de Miami. Llame al 786-363-7039 para un presupuesto gratis.",1,"Instalación de Pisos en Coral Gables, FL",es,https://brokeandfixed.com/es/services/instalacion-de-pisos/coral-gables,,Service | LocalBusiness | FAQPage | BreadcrumbList,5,1,18,758,description length 320; 1/5 images missing alt,
https://brokeandfixed.com/en/services/tile-work/country-walk,200,https://brokeandfixed.com/en/services/tile-work/country-walk,"Tile Work in Country Walk, FL | Broke & Fixed",Tile work in Country Walk FL. Upgrade builder-grade tile to modern porcelain and wood-look planks. Free estimates from Broke and Fixed 305.,1,"Tile Work in Country Walk, FL",en,https://brokeandfixed.com/en/services/tile-work/country-walk,,Service | LocalBusiness | FAQPage | BreadcrumbList,5,1,18,736,1/5 images missing alt,
https://brokeandfixed.com/es/services/instalacion-de-pisos/country-walk,200,https://brokeandfixed.com/es/services/instalacion-de-pisos/country-walk,"Instalación de Pisos en Country Walk, FL | Broke & Fixed","Instalación de Pisos en Country Walk, FL. Instalamos azulejos para pisos, duchas, salpicaderos y más. Porcelanato, cerámica, piedra natural, formato grande, cualquiera que sea el material, lo colocamos nivelado, con juntas firmes y hecho para durar en el clima de Miami. Llame al 786-363-7039 para un presupuesto gratis.",1,"Instalación de Pisos en Country Walk, FL",es,https://brokeandfixed.com/es/services/instalacion-de-pisos/country-walk,,Service | LocalBusiness | FAQPage | BreadcrumbList,5,1,18,762,description length 320; 1/5 images missing alt,
https://brokeandfixed.com/en/services/tile-work/coconut-grove,200,https://brokeandfixed.com/en/services/tile-work/coconut-grove,"Tile Work in Coconut Grove, FL | Broke & Fixed","Tile work in Coconut Grove FL. Custom tile, artisan materials, and unique installations for eclectic homes. Free estimates from Broke and Fixed 305.",1,"Tile Work in Coconut Grove, FL",en,https://brokeandfixed.com/en/services/tile-work/coconut-grove,,Service | LocalBusiness | FAQPage | BreadcrumbList,5,1,16,742,1/5 images missing alt,
https://brokeandfixed.com/es/services/instalacion-de-pisos/coconut-grove,200,https://brokeandfixed.com/es/services/instalacion-de-pisos/coconut-grove,"Instalación de Pisos en Coconut Grove, FL | Broke & Fixed","Instalación de Pisos en Coconut Grove, FL. Instalamos azulejos para pisos, duchas, salpicaderos y más. Porcelanato, cerámica, piedra natural, formato grande, cualquiera que sea el material, lo colocamos nivelado, con juntas firmes y hecho para durar en el clima de Miami. Llame al 786-363-7039 para un presupuesto gratis.",1,"Instalación de Pisos en Coconut Grove, FL",es,https://brokeandfixed.com/es/services/instalacion-de-pisos/coconut-grove,,Service | LocalBusiness | FAQPage | BreadcrumbList,5,1,16,768,description length 321; 1/5 images missing alt,
https://brokeandfixed.com/en/services/exterior-repairs/kendall,200,https://brokeandfixed.com/en/services/exterior-repairs/kendall,"Exterior Repairs in Kendall, FL | Broke & Fixed","Exterior repairs in Kendall FL. Stucco patching, fascia replacement, and water intrusion fixes for older homes. Free estimates from Broke and Fixed 305.",1,"Exterior Repairs in Kendall, FL",en,https://brokeandfixed.com/en/services/exterior-repairs/kendall,,Service | LocalBusiness | FAQPage | BreadcrumbList,6,1,18,732,1/6 images missing alt,
https://brokeandfixed.com/es/services/reparaciones-exteriores/kendall,200,https://brokeandfixed.com/es/services/reparaciones-exteriores/kendall,"Reparaciones Exteriores en Kendall, FL | Broke & Fixed","Reparaciones Exteriores en Kendall, FL. Estuco agrietado, fascia podrida, sofitos dañados, problemas de intrusión de agua. Reparamos los problemas exteriores que las casas del sur de Florida enfrentan constantemente. Reparaciones pequeñas ahora te ahorran facturas grandes después. Llame al 786-363-7039 para un presupuesto gratis.",1,"Reparaciones Exteriores en Kendall, FL",es,https://brokeandfixed.com/es/services/reparaciones-exteriores/kendall,,Service | LocalBusiness | FAQPage | BreadcrumbList,6,1,18,744,description length 331; 1/6 images missing alt,
https://brokeandfixed.com/en/services/exterior-repairs/west-kendall,200,https://brokeandfixed.com/en/services/exterior-repairs/west-kendall,"Exterior Repairs in West Kendall, FL | Broke & Fixed","Exterior repairs in West Kendall FL. Stucco, fascia, and soffit fixes for HOA-compliant homes. Free estimates from Broke and Fixed 305.",1,"Exterior Repairs in West Kendall, FL",en,https://brokeandfixed.com/en/services/exterior-repairs/west-kendall,,Service | LocalBusiness | FAQPage | BreadcrumbList,6,1,18,741,1/6 images missing alt,
https://brokeandfixed.com/es/services/reparaciones-exteriores/west-kendall,200,https://brokeandfixed.com/es/services/reparaciones-exteriores/west-kendall,"Reparaciones Exteriores en West Kendall, FL | Broke & Fixed","Reparaciones Exteriores en West Kendall, FL. Estuco agrietado, fascia podrida, sofitos dañados, problemas de intrusión de agua. Reparamos los problemas exteriores que las casas del sur de Florida enfrentan constantemente. Reparaciones pequeñas ahora te ahorran facturas grandes después. Llame al 786-363-7039 para un presupuesto gratis.",1,"Reparaciones Exteriores en West Kendall, FL",es,https://brokeandfixed.com/es/services/reparaciones-exteriores/west-kendall,,Service | LocalBusiness | FAQPage | BreadcrumbList,6,1,18,753,description length 336; 1/6 images missing alt,
https://brokeandfixed.com/en/services/exterior-repairs/palmetto-bay,200,https://brokeandfixed.com/en/services/exterior-repairs/palmetto-bay,"Exterior Repairs in Palmetto Bay, FL | Broke & Fixed","Exterior repairs in Palmetto Bay FL. Stucco, fascia, soffit, and tree damage repair for larger homes. Free estimates from Broke and Fixed 305.",1,"Exterior Repairs in Palmetto Bay, FL",en,https://brokeandfixed.com/en/services/exterior-repairs/palmetto-bay,,Service | LocalBusiness | FAQPage | BreadcrumbList,6,1,17,745,1/6 images missing alt,
https://brokeandfixed.com/es/services/reparaciones-exteriores/palmetto-bay,200,https://brokeandfixed.com/es/services/reparaciones-exteriores/palmetto-bay,"Reparaciones Exteriores en Palmetto Bay, FL | Broke & Fixed","Reparaciones Exteriores en Palmetto Bay, FL. Estuco agrietado, fascia podrida, sofitos dañados, problemas de intrusión de agua. Reparamos los problemas exteriores que las casas del sur de Florida enfrentan constantemente. Reparaciones pequeñas ahora te ahorran facturas grandes después. Llame al 786-363-7039 para un presupuesto gratis.",1,"Reparaciones Exteriores en Palmetto Bay, FL",es,https://brokeandfixed.com/es/services/reparaciones-exteriores/palmetto-bay,,Service | LocalBusiness | FAQPage | BreadcrumbList,6,1,17,757,description length 336; 1/6 images missing alt,
https://brokeandfixed.com/en/services/exterior-repairs/doral,200,https://brokeandfixed.com/en/services/exterior-repairs/doral,"Exterior Repairs in Doral, FL | Broke & Fixed","Exterior repairs in Doral FL. Stucco, fascia, and sealant fixes for newer homes and condos. Free estimates from Broke and Fixed 305.",1,"Exterior Repairs in Doral, FL",en,https://brokeandfixed.com/en/services/exterior-repairs/doral,,Service | LocalBusiness | FAQPage | BreadcrumbList,6,1,17,723,1/6 images missing alt,
https://brokeandfixed.com/es/services/reparaciones-exteriores/doral,200,https://brokeandfixed.com/es/services/reparaciones-exteriores/doral,"Reparaciones Exteriores en Doral, FL | Broke & Fixed","Reparaciones Exteriores en Doral, FL. Estuco agrietado, fascia podrida, sofitos dañados, problemas de intrusión de agua. Reparamos los problemas exteriores que las casas del sur de Florida enfrentan constantemente. Reparaciones pequeñas ahora te ahorran facturas grandes después. Llame al 786-363-7039 para un presupuesto gratis.",1,"Reparaciones Exteriores en Doral, FL",es,https://brokeandfixed.com/es/services/reparaciones-exteriores/doral,,Service | LocalBusiness | FAQPage | BreadcrumbList,6,1,17,735,description length 329; 1/6 images missing alt,
https://brokeandfixed.com/en/services/exterior-repairs/the-hammocks,200,https://brokeandfixed.com/en/services/exterior-repairs/the-hammocks,"Exterior Repairs in The Hammocks, FL | Broke & Fixed","Exterior repairs in The Hammocks FL. Stucco, fascia, and soffit fixes for 80s-90s community homes. Free estimates from Broke and Fixed 305.",1,"Exterior Repairs in The Hammocks, FL",en,https://brokeandfixed.com/en/services/exterior-repairs/the-hammocks,,Service | LocalBusiness | FAQPage | BreadcrumbList,6,1,17,749,1/6 images missing alt,
https://brokeandfixed.com/es/services/reparaciones-exteriores/the-hammocks,200,https://brokeandfixed.com/es/services/reparaciones-exteriores/the-hammocks,"Reparaciones Exteriores en The Hammocks, FL | Broke & Fixed","Reparaciones Exteriores en The Hammocks, FL. Estuco agrietado, fascia podrida, sofitos dañados, problemas de intrusión de agua. Reparamos los problemas exteriores que las casas del sur de Florida enfrentan constantemente. Reparaciones pequeñas ahora te ahorran facturas grandes después. Llame al 786-363-7039 para un presupuesto gratis.",1,"Reparaciones Exteriores en The Hammocks, FL",es,https://brokeandfixed.com/es/services/reparaciones-exteriores/the-hammocks,,Service | LocalBusiness | FAQPage | BreadcrumbList,6,1,17,761,description length 336; 1/6 images missing alt,
https://brokeandfixed.com/en/services/exterior-repairs/the-crossings,200,https://brokeandfixed.com/en/services/exterior-repairs/the-crossings,"Exterior Repairs in The Crossings, FL | Broke & Fixed","Exterior repairs in The Crossings FL. Stucco rebuild, fascia replacement, and water intrusion fixes. Free estimates from Broke and Fixed 305.",1,"Exterior Repairs in The Crossings, FL",en,https://brokeandfixed.com/en/services/exterior-repairs/the-crossings,,Service | LocalBusiness | FAQPage | BreadcrumbList,6,1,18,751,1/6 images missing alt,
https://brokeandfixed.com/es/services/reparaciones-exteriores/the-crossings,200,https://brokeandfixed.com/es/services/reparaciones-exteriores/the-crossings,"Reparaciones Exteriores en The Crossings, FL | Broke & Fixed","Reparaciones Exteriores en The Crossings, FL. Estuco agrietado, fascia podrida, sofitos dañados, problemas de intrusión de agua. Reparamos los problemas exteriores que las casas del sur de Florida enfrentan constantemente. Reparaciones pequeñas ahora te ahorran facturas grandes después. Llame al 786-363-7039 para un presupuesto gratis.",1,"Reparaciones Exteriores en The Crossings, FL",es,https://brokeandfixed.com/es/services/reparaciones-exteriores/the-crossings,,Service | LocalBusiness | FAQPage | BreadcrumbList,6,1,18,763,description length 337; 1/6 images missing alt,
https://brokeandfixed.com/en/services/exterior-repairs/kendale-lakes,200,https://brokeandfixed.com/en/services/exterior-repairs/kendale-lakes,"Exterior Repairs in Kendale Lakes, FL | Broke & Fixed","Exterior repairs in Kendale Lakes FL. Stucco, fascia, and soffit fixes for flat-roof ranch homes. Free estimates from Broke and Fixed 305.",1,"Exterior Repairs in Kendale Lakes, FL",en,https://brokeandfixed.com/en/services/exterior-repairs/kendale-lakes,,Service | LocalBusiness | FAQPage | BreadcrumbList,6,1,18,744,1/6 images missing alt,
https://brokeandfixed.com/es/services/reparaciones-exteriores/kendale-lakes,200,https://brokeandfixed.com/es/services/reparaciones-exteriores/kendale-lakes,"Reparaciones Exteriores en Kendale Lakes, FL | Broke & Fixed","Reparaciones Exteriores en Kendale Lakes, FL. Estuco agrietado, fascia podrida, sofitos dañados, problemas de intrusión de agua. Reparamos los problemas exteriores que las casas del sur de Florida enfrentan constantemente. Reparaciones pequeñas ahora te ahorran facturas grandes después. Llame al 786-363-7039 para un presupuesto gratis.",1,"Reparaciones Exteriores en Kendale Lakes, FL",es,https://brokeandfixed.com/es/services/reparaciones-exteriores/kendale-lakes,,Service | LocalBusiness | FAQPage | BreadcrumbList,6,1,18,756,description length 337; 1/6 images missing alt,
https://brokeandfixed.com/en/services/exterior-repairs/sweetwater,200,https://brokeandfixed.com/en/services/exterior-repairs/sweetwater,"Exterior Repairs in Sweetwater, FL | Broke & Fixed","Exterior repairs in Sweetwater FL. Fast stucco, fascia, and soffit fixes for homes and rental properties. Free estimates from Broke and Fixed 305.",1,"Exterior Repairs in Sweetwater, FL",en,https://brokeandfixed.com/en/services/exterior-repairs/sweetwater,,Service | LocalBusiness | FAQPage | BreadcrumbList,6,1,17,725,1/6 images missing alt,
https://brokeandfixed.com/es/services/reparaciones-exteriores/sweetwater,200,https://brokeandfixed.com/es/services/reparaciones-exteriores/sweetwater,"Reparaciones Exteriores en Sweetwater, FL | Broke & Fixed","Reparaciones Exteriores en Sweetwater, FL. Estuco agrietado, fascia podrida, sofitos dañados, problemas de intrusión de agua. Reparamos los problemas exteriores que las casas del sur de Florida enfrentan constantemente. Reparaciones pequeñas ahora te ahorran facturas grandes después. Llame al 786-363-7039 para un presupuesto gratis.",1,"Reparaciones Exteriores en Sweetwater, FL",es,https://brokeandfixed.com/es/services/reparaciones-exteriores/sweetwater,,Service | LocalBusiness | FAQPage | BreadcrumbList,6,1,17,737,description length 334; 1/6 images missing alt,
https://brokeandfixed.com/en/services/exterior-repairs/cutler-bay,200,https://brokeandfixed.com/en/services/exterior-repairs/cutler-bay,"Exterior Repairs in Cutler Bay, FL | Broke & Fixed","Exterior repairs in Cutler Bay FL. Storm damage, salt exposure, and flood repair for coastal homes. Free estimates from Broke and Fixed 305.",1,"Exterior Repairs in Cutler Bay, FL",en,https://brokeandfixed.com/en/services/exterior-repairs/cutler-bay,,Service | LocalBusiness | FAQPage | BreadcrumbList,6,1,17,737,1/6 images missing alt,
https://brokeandfixed.com/es/services/reparaciones-exteriores/cutler-bay,200,https://brokeandfixed.com/es/services/reparaciones-exteriores/cutler-bay,"Reparaciones Exteriores en Cutler Bay, FL | Broke & Fixed","Reparaciones Exteriores en Cutler Bay, FL. Estuco agrietado, fascia podrida, sofitos dañados, problemas de intrusión de agua. Reparamos los problemas exteriores que las casas del sur de Florida enfrentan constantemente. Reparaciones pequeñas ahora te ahorran facturas grandes después. Llame al 786-363-7039 para un presupuesto gratis.",1,"Reparaciones Exteriores en Cutler Bay, FL",es,https://brokeandfixed.com/es/services/reparaciones-exteriores/cutler-bay,,Service | LocalBusiness | FAQPage | BreadcrumbList,6,1,17,749,description length 334; 1/6 images missing alt,
https://brokeandfixed.com/en/services/exterior-repairs/pinecrest,200,https://brokeandfixed.com/en/services/exterior-repairs/pinecrest,"Exterior Repairs in Pinecrest, FL | Broke & Fixed","Exterior repairs in Pinecrest FL. Premium stucco, fascia, and soffit work for estate homes. Free estimates from Broke and Fixed 305.",1,"Exterior Repairs in Pinecrest, FL",en,https://brokeandfixed.com/en/services/exterior-repairs/pinecrest,,Service | LocalBusiness | FAQPage | BreadcrumbList,6,1,18,722,1/6 images missing alt,
https://brokeandfixed.com/es/services/reparaciones-exteriores/pinecrest,200,https://brokeandfixed.com/es/services/reparaciones-exteriores/pinecrest,"Reparaciones Exteriores en Pinecrest, FL | Broke & Fixed","Reparaciones Exteriores en Pinecrest, FL. Estuco agrietado, fascia podrida, sofitos dañados, problemas de intrusión de agua. Reparamos los problemas exteriores que las casas del sur de Florida enfrentan constantemente. Reparaciones pequeñas ahora te ahorran facturas grandes después. Llame al 786-363-7039 para un presupuesto gratis.",1,"Reparaciones Exteriores en Pinecrest, FL",es,https://brokeandfixed.com/es/services/reparaciones-exteriores/pinecrest,,Service | LocalBusiness | FAQPage | BreadcrumbList,6,1,18,734,description length 333; 1/6 images missing alt,
https://brokeandfixed.com/en/services/exterior-repairs/south-miami,200,https://brokeandfixed.com/en/services/exterior-repairs/south-miami,"Exterior Repairs in South Miami, FL | Broke & Fixed","Exterior repairs in South Miami FL. Character-preserving stucco, fascia, and soffit work for historic homes. Free estimates from Broke and Fixed 305.",1,"Exterior Repairs in South Miami, FL",en,https://brokeandfixed.com/en/services/exterior-repairs/south-miami,,Service | LocalBusiness | FAQPage | BreadcrumbList,6,1,18,751,1/6 images missing alt,
https://brokeandfixed.com/es/services/reparaciones-exteriores/south-miami,200,https://brokeandfixed.com/es/services/reparaciones-exteriores/south-miami,"Reparaciones Exteriores en South Miami, FL | Broke & Fixed","Reparaciones Exteriores en South Miami, FL. Estuco agrietado, fascia podrida, sofitos dañados, problemas de intrusión de agua. Reparamos los problemas exteriores que las casas del sur de Florida enfrentan constantemente. Reparaciones pequeñas ahora te ahorran facturas grandes después. Llame al 786-363-7039 para un presupuesto gratis.",1,"Reparaciones Exteriores en South Miami, FL",es,https://brokeandfixed.com/es/services/reparaciones-exteriores/south-miami,,Service | LocalBusiness | FAQPage | BreadcrumbList,6,1,18,763,description length 335; 1/6 images missing alt,
https://brokeandfixed.com/en/services/exterior-repairs/south-miami-heights,200,https://brokeandfixed.com/en/services/exterior-repairs/south-miami-heights,"Exterior Repairs in South Miami Heights, FL | Broke & Fixed","Exterior repairs in South Miami Heights FL. Affordable stucco, fascia, and soffit repairs for CBS homes. Free estimates from Broke and Fixed 305.",1,"Exterior Repairs in South Miami Heights, FL",en,https://brokeandfixed.com/en/services/exterior-repairs/south-miami-heights,,Service | LocalBusiness | FAQPage | BreadcrumbList,6,1,18,756,1/6 images missing alt,
https://brokeandfixed.com/es/services/reparaciones-exteriores/south-miami-heights,200,https://brokeandfixed.com/es/services/reparaciones-exteriores/south-miami-heights,"Reparaciones Exteriores en South Miami Heights, FL | Broke & Fixed","Reparaciones Exteriores en South Miami Heights, FL. Estuco agrietado, fascia podrida, sofitos dañados, problemas de intrusión de agua. Reparamos los problemas exteriores que las casas del sur de Florida enfrentan constantemente. Reparaciones pequeñas ahora te ahorran facturas grandes después. Llame al 786-363-7039 para un presupuesto gratis.",1,"Reparaciones Exteriores en South Miami Heights, FL",es,https://brokeandfixed.com/es/services/reparaciones-exteriores/south-miami-heights,,Service | LocalBusiness | FAQPage | BreadcrumbList,6,1,18,768,title length 66; description length 343; 1/6 images missing alt,
https://brokeandfixed.com/en/services/exterior-repairs/miami-gardens,200,https://brokeandfixed.com/en/services/exterior-repairs/miami-gardens,"Exterior Repairs in Miami Gardens, FL | Broke & Fixed","Exterior repairs in Miami Gardens FL. Stucco rebuild, fascia, soffit, and storm damage repair. Free estimates from Broke and Fixed 305.",1,"Exterior Repairs in Miami Gardens, FL",en,https://brokeandfixed.com/en/services/exterior-repairs/miami-gardens,,Service | LocalBusiness | FAQPage | BreadcrumbList,6,1,15,743,1/6 images missing alt,
https://brokeandfixed.com/es/services/reparaciones-exteriores/miami-gardens,200,https://brokeandfixed.com/es/services/reparaciones-exteriores/miami-gardens,"Reparaciones Exteriores en Miami Gardens, FL | Broke & Fixed","Reparaciones Exteriores en Miami Gardens, FL. Estuco agrietado, fascia podrida, sofitos dañados, problemas de intrusión de agua. Reparamos los problemas exteriores que las casas del sur de Florida enfrentan constantemente. Reparaciones pequeñas ahora te ahorran facturas grandes después. Llame al 786-363-7039 para un presupuesto gratis.",1,"Reparaciones Exteriores en Miami Gardens, FL",es,https://brokeandfixed.com/es/services/reparaciones-exteriores/miami-gardens,,Service | LocalBusiness | FAQPage | BreadcrumbList,6,1,15,755,description length 337; 1/6 images missing alt,
https://brokeandfixed.com/en/services/exterior-repairs/westchester,200,https://brokeandfixed.com/en/services/exterior-repairs/westchester,"Exterior Repairs in Westchester, FL | Broke & Fixed","Exterior repairs in Westchester FL. Stucco, fascia, soffit, and parapet fixes for flat-roof CBS homes. Free estimates from Broke and Fixed 305.",1,"Exterior Repairs in Westchester, FL",en,https://brokeandfixed.com/en/services/exterior-repairs/westchester,,Service | LocalBusiness | FAQPage | BreadcrumbList,6,1,18,760,1/6 images missing alt,
https://brokeandfixed.com/es/services/reparaciones-exteriores/westchester,200,https://brokeandfixed.com/es/services/reparaciones-exteriores/westchester,"Reparaciones Exteriores en Westchester, FL | Broke & Fixed","Reparaciones Exteriores en Westchester, FL. Estuco agrietado, fascia podrida, sofitos dañados, problemas de intrusión de agua. Reparamos los problemas exteriores que las casas del sur de Florida enfrentan constantemente. Reparaciones pequeñas ahora te ahorran facturas grandes después. Llame al 786-363-7039 para un presupuesto gratis.",1,"Reparaciones Exteriores en Westchester, FL",es,https://brokeandfixed.com/es/services/reparaciones-exteriores/westchester,,Service | LocalBusiness | FAQPage | BreadcrumbList,6,1,18,772,description length 335; 1/6 images missing alt,
https://brokeandfixed.com/en/services/exterior-repairs/coral-gables,200,https://brokeandfixed.com/en/services/exterior-repairs/coral-gables,"Exterior Repairs in Coral Gables, FL | Broke & Fixed","Exterior repairs in Coral Gables FL. Historic stucco, custom trim, and code-compliant fixes. Free estimates from Broke and Fixed 305.",1,"Exterior Repairs in Coral Gables, FL",en,https://brokeandfixed.com/en/services/exterior-repairs/coral-gables,,Service | LocalBusiness | FAQPage | BreadcrumbList,6,1,18,733,1/6 images missing alt,
https://brokeandfixed.com/es/services/reparaciones-exteriores/coral-gables,200,https://brokeandfixed.com/es/services/reparaciones-exteriores/coral-gables,"Reparaciones Exteriores en Coral Gables, FL | Broke & Fixed","Reparaciones Exteriores en Coral Gables, FL. Estuco agrietado, fascia podrida, sofitos dañados, problemas de intrusión de agua. Reparamos los problemas exteriores que las casas del sur de Florida enfrentan constantemente. Reparaciones pequeñas ahora te ahorran facturas grandes después. Llame al 786-363-7039 para un presupuesto gratis.",1,"Reparaciones Exteriores en Coral Gables, FL",es,https://brokeandfixed.com/es/services/reparaciones-exteriores/coral-gables,,Service | LocalBusiness | FAQPage | BreadcrumbList,6,1,18,745,description length 336; 1/6 images missing alt,
https://brokeandfixed.com/en/services/exterior-repairs/country-walk,200,https://brokeandfixed.com/en/services/exterior-repairs/country-walk,"Exterior Repairs in Country Walk, FL | Broke & Fixed","Exterior repairs in Country Walk FL. Preventive stucco, fascia, and caulk repairs for newer homes. Free estimates from Broke and Fixed 305.",1,"Exterior Repairs in Country Walk, FL",en,https://brokeandfixed.com/en/services/exterior-repairs/country-walk,,Service | LocalBusiness | FAQPage | BreadcrumbList,6,1,18,763,1/6 images missing alt,
https://brokeandfixed.com/es/services/reparaciones-exteriores/country-walk,200,https://brokeandfixed.com/es/services/reparaciones-exteriores/country-walk,"Reparaciones Exteriores en Country Walk, FL | Broke & Fixed","Reparaciones Exteriores en Country Walk, FL. Estuco agrietado, fascia podrida, sofitos dañados, problemas de intrusión de agua. Reparamos los problemas exteriores que las casas del sur de Florida enfrentan constantemente. Reparaciones pequeñas ahora te ahorran facturas grandes después. Llame al 786-363-7039 para un presupuesto gratis.",1,"Reparaciones Exteriores en Country Walk, FL",es,https://brokeandfixed.com/es/services/reparaciones-exteriores/country-walk,,Service | LocalBusiness | FAQPage | BreadcrumbList,6,1,18,775,description length 336; 1/6 images missing alt,
https://brokeandfixed.com/en/services/exterior-repairs/coconut-grove,200,https://brokeandfixed.com/en/services/exterior-repairs/coconut-grove,"Exterior Repairs in Coconut Grove, FL | Broke & Fixed","Exterior repairs in Coconut Grove FL. Historic wood, coastal stucco, and storm damage repair. Free estimates from Broke and Fixed 305.",1,"Exterior Repairs in Coconut Grove, FL",en,https://brokeandfixed.com/en/services/exterior-repairs/coconut-grove,,Service | LocalBusiness | FAQPage | BreadcrumbList,6,1,16,753,1/6 images missing alt,
https://brokeandfixed.com/es/services/reparaciones-exteriores/coconut-grove,200,https://brokeandfixed.com/es/services/reparaciones-exteriores/coconut-grove,"Reparaciones Exteriores en Coconut Grove, FL | Broke & Fixed","Reparaciones Exteriores en Coconut Grove, FL. Estuco agrietado, fascia podrida, sofitos dañados, problemas de intrusión de agua. Reparamos los problemas exteriores que las casas del sur de Florida enfrentan constantemente. Reparaciones pequeñas ahora te ahorran facturas grandes después. Llame al 786-363-7039 para un presupuesto gratis.",1,"Reparaciones Exteriores en Coconut Grove, FL",es,https://brokeandfixed.com/es/services/reparaciones-exteriores/coconut-grove,,Service | LocalBusiness | FAQPage | BreadcrumbList,6,1,16,765,description length 337; 1/6 images missing alt,
https://brokeandfixed.com/en/services/cabinet-refinishing/kendall,200,https://brokeandfixed.com/en/services/cabinet-refinishing/kendall,"Cabinet Refinishing in Kendall, FL | Broke & Fixed","Cabinet Refinishing in Kendall, FL. If your kitchen cabinets are solid wood and the layout still works, refinishing gets you what looks like a new kitchen for a fraction of the cost. We strip, sand, prime, and spray with post-catalyzed lacquer or 2K polyurethane. The finish lasts 10 to 15 years and is more durable than what comes from the factory on most new cabinets. Call 786-363-7039 for a free estimate.",1,"Cabinet Refinishing in Kendall, FL",en,https://brokeandfixed.com/en/services/cabinet-refinishing/kendall,,Service | LocalBusiness | FAQPage | BreadcrumbList,6,1,18,546,description length 409; 1/6 images missing alt,
https://brokeandfixed.com/es/services/renovacion-de-gabinetes/kendall,200,https://brokeandfixed.com/es/services/renovacion-de-gabinetes/kendall,"Renovación de Gabinetes en Kendall, FL | Broke & Fixed","Renovación de Gabinetes en Kendall, FL. Si los gabinetes de tu cocina son de madera sólida y la distribución todavía funciona, renovarlos te da lo que parece una cocina nueva por una fracción del costo. Quitamos el acabado, lijamos, aplicamos primer y rociamos con laca post-catalizada o poliuretano 2K. El acabado dura 10 a 15 años y es más duradero que el de fábrica en la mayoría de los gabinetes nuevos. Llame al 786-363-7039 para un presupuesto gratis.",1,"Renovación de Gabinetes en Kendall, FL",es,https://brokeandfixed.com/es/services/renovacion-de-gabinetes/kendall,,Service | LocalBusiness | FAQPage | BreadcrumbList,6,1,18,584,description length 457; 1/6 images missing alt,
https://brokeandfixed.com/en/services/cabinet-refinishing/west-kendall,200,https://brokeandfixed.com/en/services/cabinet-refinishing/west-kendall,"Cabinet Refinishing in West Kendall, FL | Broke & Fixed","Cabinet Refinishing in West Kendall, FL. If your kitchen cabinets are solid wood and the layout still works, refinishing gets you what looks like a new kitchen for a fraction of the cost. We strip, sand, prime, and spray with post-catalyzed lacquer or 2K polyurethane. The finish lasts 10 to 15 years and is more durable than what comes from the factory on most new cabinets. Call 786-363-7039 for a free estimate.",1,"Cabinet Refinishing in West Kendall, FL",en,https://brokeandfixed.com/en/services/cabinet-refinishing/west-kendall,,Service | LocalBusiness | FAQPage | BreadcrumbList,6,1,18,555,description length 414; 1/6 images missing alt,
https://brokeandfixed.com/es/services/renovacion-de-gabinetes/west-kendall,200,https://brokeandfixed.com/es/services/renovacion-de-gabinetes/west-kendall,"Renovación de Gabinetes en West Kendall, FL | Broke & Fixed","Renovación de Gabinetes en West Kendall, FL. Si los gabinetes de tu cocina son de madera sólida y la distribución todavía funciona, renovarlos te da lo que parece una cocina nueva por una fracción del costo. Quitamos el acabado, lijamos, aplicamos primer y rociamos con laca post-catalizada o poliuretano 2K. El acabado dura 10 a 15 años y es más duradero que el de fábrica en la mayoría de los gabinetes nuevos. Llame al 786-363-7039 para un presupuesto gratis.",1,"Renovación de Gabinetes en West Kendall, FL",es,https://brokeandfixed.com/es/services/renovacion-de-gabinetes/west-kendall,,Service | LocalBusiness | FAQPage | BreadcrumbList,6,1,18,596,description length 462; 1/6 images missing alt,
https://brokeandfixed.com/en/services/cabinet-refinishing/palmetto-bay,200,https://brokeandfixed.com/en/services/cabinet-refinishing/palmetto-bay,"Cabinet Refinishing in Palmetto Bay, FL | Broke & Fixed","Cabinet Refinishing in Palmetto Bay, FL. If your kitchen cabinets are solid wood and the layout still works, refinishing gets you what looks like a new kitchen for a fraction of the cost. We strip, sand, prime, and spray with post-catalyzed lacquer or 2K polyurethane. The finish lasts 10 to 15 years and is more durable than what comes from the factory on most new cabinets. Call 786-363-7039 for a free estimate.",1,"Cabinet Refinishing in Palmetto Bay, FL",en,https://brokeandfixed.com/en/services/cabinet-refinishing/palmetto-bay,,Service | LocalBusiness | FAQPage | BreadcrumbList,6,1,17,558,description length 414; 1/6 images missing alt,
https://brokeandfixed.com/es/services/renovacion-de-gabinetes/palmetto-bay,200,https://brokeandfixed.com/es/services/renovacion-de-gabinetes/palmetto-bay,"Renovación de Gabinetes en Palmetto Bay, FL | Broke & Fixed","Renovación de Gabinetes en Palmetto Bay, FL. Si los gabinetes de tu cocina son de madera sólida y la distribución todavía funciona, renovarlos te da lo que parece una cocina nueva por una fracción del costo. Quitamos el acabado, lijamos, aplicamos primer y rociamos con laca post-catalizada o poliuretano 2K. El acabado dura 10 a 15 años y es más duradero que el de fábrica en la mayoría de los gabinetes nuevos. Llame al 786-363-7039 para un presupuesto gratis.",1,"Renovación de Gabinetes en Palmetto Bay, FL",es,https://brokeandfixed.com/es/services/renovacion-de-gabinetes/palmetto-bay,,Service | LocalBusiness | FAQPage | BreadcrumbList,6,1,17,595,description length 462; 1/6 images missing alt,
https://brokeandfixed.com/en/services/cabinet-refinishing/doral,200,https://brokeandfixed.com/en/services/cabinet-refinishing/doral,"Cabinet Refinishing in Doral, FL | Broke & Fixed","Cabinet Refinishing in Doral, FL. If your kitchen cabinets are solid wood and the layout still works, refinishing gets you what looks like a new kitchen for a fraction of the cost. We strip, sand, prime, and spray with post-catalyzed lacquer or 2K polyurethane. The finish lasts 10 to 15 years and is more durable than what comes from the factory on most new cabinets. Call 786-363-7039 for a free estimate.",1,"Cabinet Refinishing in Doral, FL",en,https://brokeandfixed.com/en/services/cabinet-refinishing/doral,,Service | LocalBusiness | FAQPage | BreadcrumbList,6,1,17,538,description length 407; 1/6 images missing alt,
https://brokeandfixed.com/es/services/renovacion-de-gabinetes/doral,200,https://brokeandfixed.com/es/services/renovacion-de-gabinetes/doral,"Renovación de Gabinetes en Doral, FL | Broke & Fixed","Renovación de Gabinetes en Doral, FL. Si los gabinetes de tu cocina son de madera sólida y la distribución todavía funciona, renovarlos te da lo que parece una cocina nueva por una fracción del costo. Quitamos el acabado, lijamos, aplicamos primer y rociamos con laca post-catalizada o poliuretano 2K. El acabado dura 10 a 15 años y es más duradero que el de fábrica en la mayoría de los gabinetes nuevos. Llame al 786-363-7039 para un presupuesto gratis.",1,"Renovación de Gabinetes en Doral, FL",es,https://brokeandfixed.com/es/services/renovacion-de-gabinetes/doral,,Service | LocalBusiness | FAQPage | BreadcrumbList,6,1,17,573,description length 455; 1/6 images missing alt,
https://brokeandfixed.com/en/services/cabinet-refinishing/the-hammocks,200,https://brokeandfixed.com/en/services/cabinet-refinishing/the-hammocks,"Cabinet Refinishing in The Hammocks, FL | Broke & Fixed","Cabinet Refinishing in The Hammocks, FL. If your kitchen cabinets are solid wood and the layout still works, refinishing gets you what looks like a new kitchen for a fraction of the cost. We strip, sand, prime, and spray with post-catalyzed lacquer or 2K polyurethane. The finish lasts 10 to 15 years and is more durable than what comes from the factory on most new cabinets. Call 786-363-7039 for a free estimate.",1,"Cabinet Refinishing in The Hammocks, FL",en,https://brokeandfixed.com/en/services/cabinet-refinishing/the-hammocks,,Service | LocalBusiness | FAQPage | BreadcrumbList,6,1,17,559,description length 414; 1/6 images missing alt,
https://brokeandfixed.com/es/services/renovacion-de-gabinetes/the-hammocks,200,https://brokeandfixed.com/es/services/renovacion-de-gabinetes/the-hammocks,"Renovación de Gabinetes en The Hammocks, FL | Broke & Fixed","Renovación de Gabinetes en The Hammocks, FL. Si los gabinetes de tu cocina son de madera sólida y la distribución todavía funciona, renovarlos te da lo que parece una cocina nueva por una fracción del costo. Quitamos el acabado, lijamos, aplicamos primer y rociamos con laca post-catalizada o poliuretano 2K. El acabado dura 10 a 15 años y es más duradero que el de fábrica en la mayoría de los gabinetes nuevos. Llame al 786-363-7039 para un presupuesto gratis.",1,"Renovación de Gabinetes en The Hammocks, FL",es,https://brokeandfixed.com/es/services/renovacion-de-gabinetes/the-hammocks,,Service | LocalBusiness | FAQPage | BreadcrumbList,6,1,17,594,description length 462; 1/6 images missing alt,
https://brokeandfixed.com/en/services/cabinet-refinishing/the-crossings,200,https://brokeandfixed.com/en/services/cabinet-refinishing/the-crossings,"Cabinet Refinishing in The Crossings, FL | Broke & Fixed","Cabinet Refinishing in The Crossings, FL. If your kitchen cabinets are solid wood and the layout still works, refinishing gets you what looks like a new kitchen for a fraction of the cost. We strip, sand, prime, and spray with post-catalyzed lacquer or 2K polyurethane. The finish lasts 10 to 15 years and is more durable than what comes from the factory on most new cabinets. Call 786-363-7039 for a free estimate.",1,"Cabinet Refinishing in The Crossings, FL",en,https://brokeandfixed.com/en/services/cabinet-refinishing/the-crossings,,Service | LocalBusiness | FAQPage | BreadcrumbList,6,1,18,559,description length 415; 1/6 images missing alt,
https://brokeandfixed.com/es/services/renovacion-de-gabinetes/the-crossings,200,https://brokeandfixed.com/es/services/renovacion-de-gabinetes/the-crossings,"Renovación de Gabinetes en The Crossings, FL | Broke & Fixed","Renovación de Gabinetes en The Crossings, FL. Si los gabinetes de tu cocina son de madera sólida y la distribución todavía funciona, renovarlos te da lo que parece una cocina nueva por una fracción del costo. Quitamos el acabado, lijamos, aplicamos primer y rociamos con laca post-catalizada o poliuretano 2K. El acabado dura 10 a 15 años y es más duradero que el de fábrica en la mayoría de los gabinetes nuevos. Llame al 786-363-7039 para un presupuesto gratis.",1,"Renovación de Gabinetes en The Crossings, FL",es,https://brokeandfixed.com/es/services/renovacion-de-gabinetes/the-crossings,,Service | LocalBusiness | FAQPage | BreadcrumbList,6,1,18,598,description length 463; 1/6 images missing alt,
https://brokeandfixed.com/en/services/cabinet-refinishing/kendale-lakes,200,https://brokeandfixed.com/en/services/cabinet-refinishing/kendale-lakes,"Cabinet Refinishing in Kendale Lakes, FL | Broke & Fixed","Cabinet Refinishing in Kendale Lakes, FL. If your kitchen cabinets are solid wood and the layout still works, refinishing gets you what looks like a new kitchen for a fraction of the cost. We strip, sand, prime, and spray with post-catalyzed lacquer or 2K polyurethane. The finish lasts 10 to 15 years and is more durable than what comes from the factory on most new cabinets. Call 786-363-7039 for a free estimate.",1,"Cabinet Refinishing in Kendale Lakes, FL",en,https://brokeandfixed.com/en/services/cabinet-refinishing/kendale-lakes,,Service | LocalBusiness | FAQPage | BreadcrumbList,6,1,18,559,description length 415; 1/6 images missing alt,
https://brokeandfixed.com/es/services/renovacion-de-gabinetes/kendale-lakes,200,https://brokeandfixed.com/es/services/renovacion-de-gabinetes/kendale-lakes,"Renovación de Gabinetes en Kendale Lakes, FL | Broke & Fixed","Renovación de Gabinetes en Kendale Lakes, FL. Si los gabinetes de tu cocina son de madera sólida y la distribución todavía funciona, renovarlos te da lo que parece una cocina nueva por una fracción del costo. Quitamos el acabado, lijamos, aplicamos primer y rociamos con laca post-catalizada o poliuretano 2K. El acabado dura 10 a 15 años y es más duradero que el de fábrica en la mayoría de los gabinetes nuevos. Llame al 786-363-7039 para un presupuesto gratis.",1,"Renovación de Gabinetes en Kendale Lakes, FL",es,https://brokeandfixed.com/es/services/renovacion-de-gabinetes/kendale-lakes,,Service | LocalBusiness | FAQPage | BreadcrumbList,6,1,18,596,description length 463; 1/6 images missing alt,
https://brokeandfixed.com/en/services/cabinet-refinishing/sweetwater,200,https://brokeandfixed.com/en/services/cabinet-refinishing/sweetwater,"Cabinet Refinishing in Sweetwater, FL | Broke & Fixed","Cabinet Refinishing in Sweetwater, FL. If your kitchen cabinets are solid wood and the layout still works, refinishing gets you what looks like a new kitchen for a fraction of the cost. We strip, sand, prime, and spray with post-catalyzed lacquer or 2K polyurethane. The finish lasts 10 to 15 years and is more durable than what comes from the factory on most new cabinets. Call 786-363-7039 for a free estimate.",1,"Cabinet Refinishing in Sweetwater, FL",en,https://brokeandfixed.com/en/services/cabinet-refinishing/sweetwater,,Service | LocalBusiness | FAQPage | BreadcrumbList,6,1,17,538,description length 412; 1/6 images missing alt,
https://brokeandfixed.com/es/services/renovacion-de-gabinetes/sweetwater,200,https://brokeandfixed.com/es/services/renovacion-de-gabinetes/sweetwater,"Renovación de Gabinetes en Sweetwater, FL | Broke & Fixed","Renovación de Gabinetes en Sweetwater, FL. Si los gabinetes de tu cocina son de madera sólida y la distribución todavía funciona, renovarlos te da lo que parece una cocina nueva por una fracción del costo. Quitamos el acabado, lijamos, aplicamos primer y rociamos con laca post-catalizada o poliuretano 2K. El acabado dura 10 a 15 años y es más duradero que el de fábrica en la mayoría de los gabinetes nuevos. Llame al 786-363-7039 para un presupuesto gratis.",1,"Renovación de Gabinetes en Sweetwater, FL",es,https://brokeandfixed.com/es/services/renovacion-de-gabinetes/sweetwater,,Service | LocalBusiness | FAQPage | BreadcrumbList,6,1,17,580,description length 460; 1/6 images missing alt,
https://brokeandfixed.com/en/services/cabinet-refinishing/cutler-bay,200,https://brokeandfixed.com/en/services/cabinet-refinishing/cutler-bay,"Cabinet Refinishing in Cutler Bay, FL | Broke & Fixed","Cabinet Refinishing in Cutler Bay, FL. If your kitchen cabinets are solid wood and the layout still works, refinishing gets you what looks like a new kitchen for a fraction of the cost. We strip, sand, prime, and spray with post-catalyzed lacquer or 2K polyurethane. The finish lasts 10 to 15 years and is more durable than what comes from the factory on most new cabinets. Call 786-363-7039 for a free estimate.",1,"Cabinet Refinishing in Cutler Bay, FL",en,https://brokeandfixed.com/en/services/cabinet-refinishing/cutler-bay,,Service | LocalBusiness | FAQPage | BreadcrumbList,6,1,17,558,description length 412; 1/6 images missing alt,
https://brokeandfixed.com/es/services/renovacion-de-gabinetes/cutler-bay,200,https://brokeandfixed.com/es/services/renovacion-de-gabinetes/cutler-bay,"Renovación de Gabinetes en Cutler Bay, FL | Broke & Fixed","Renovación de Gabinetes en Cutler Bay, FL. Si los gabinetes de tu cocina son de madera sólida y la distribución todavía funciona, renovarlos te da lo que parece una cocina nueva por una fracción del costo. Quitamos el acabado, lijamos, aplicamos primer y rociamos con laca post-catalizada o poliuretano 2K. El acabado dura 10 a 15 años y es más duradero que el de fábrica en la mayoría de los gabinetes nuevos. Llame al 786-363-7039 para un presupuesto gratis.",1,"Renovación de Gabinetes en Cutler Bay, FL",es,https://brokeandfixed.com/es/services/renovacion-de-gabinetes/cutler-bay,,Service | LocalBusiness | FAQPage | BreadcrumbList,6,1,17,597,description length 460; 1/6 images missing alt,
https://brokeandfixed.com/en/services/cabinet-refinishing/pinecrest,200,https://brokeandfixed.com/en/services/cabinet-refinishing/pinecrest,"Cabinet Refinishing in Pinecrest, FL | Broke & Fixed","Cabinet Refinishing in Pinecrest, FL. If your kitchen cabinets are solid wood and the layout still works, refinishing gets you what looks like a new kitchen for a fraction of the cost. We strip, sand, prime, and spray with post-catalyzed lacquer or 2K polyurethane. The finish lasts 10 to 15 years and is more durable than what comes from the factory on most new cabinets. Call 786-363-7039 for a free estimate.",1,"Cabinet Refinishing in Pinecrest, FL",en,https://brokeandfixed.com/en/services/cabinet-refinishing/pinecrest,,Service | LocalBusiness | FAQPage | BreadcrumbList,6,1,18,546,description length 411; 1/6 images missing alt,
https://brokeandfixed.com/es/services/renovacion-de-gabinetes/pinecrest,200,https://brokeandfixed.com/es/services/renovacion-de-gabinetes/pinecrest,"Renovación de Gabinetes en Pinecrest, FL | Broke & Fixed","Renovación de Gabinetes en Pinecrest, FL. Si los gabinetes de tu cocina son de madera sólida y la distribución todavía funciona, renovarlos te da lo que parece una cocina nueva por una fracción del costo. Quitamos el acabado, lijamos, aplicamos primer y rociamos con laca post-catalizada o poliuretano 2K. El acabado dura 10 a 15 años y es más duradero que el de fábrica en la mayoría de los gabinetes nuevos. Llame al 786-363-7039 para un presupuesto gratis.",1,"Renovación de Gabinetes en Pinecrest, FL",es,https://brokeandfixed.com/es/services/renovacion-de-gabinetes/pinecrest,,Service | LocalBusiness | FAQPage | BreadcrumbList,6,1,18,585,description length 459; 1/6 images missing alt,
https://brokeandfixed.com/en/services/cabinet-refinishing/south-miami,200,https://brokeandfixed.com/en/services/cabinet-refinishing/south-miami,"Cabinet Refinishing in South Miami, FL | Broke & Fixed","Cabinet Refinishing in South Miami, FL. If your kitchen cabinets are solid wood and the layout still works, refinishing gets you what looks like a new kitchen for a fraction of the cost. We strip, sand, prime, and spray with post-catalyzed lacquer or 2K polyurethane. The finish lasts 10 to 15 years and is more durable than what comes from the factory on most new cabinets. Call 786-363-7039 for a free estimate.",1,"Cabinet Refinishing in South Miami, FL",en,https://brokeandfixed.com/en/services/cabinet-refinishing/south-miami,,Service | LocalBusiness | FAQPage | BreadcrumbList,6,1,18,560,description length 413; 1/6 images missing alt,
https://brokeandfixed.com/es/services/renovacion-de-gabinetes/south-miami,200,https://brokeandfixed.com/es/services/renovacion-de-gabinetes/south-miami,"Renovación de Gabinetes en South Miami, FL | Broke & Fixed","Renovación de Gabinetes en South Miami, FL. Si los gabinetes de tu cocina son de madera sólida y la distribución todavía funciona, renovarlos te da lo que parece una cocina nueva por una fracción del costo. Quitamos el acabado, lijamos, aplicamos primer y rociamos con laca post-catalizada o poliuretano 2K. El acabado dura 10 a 15 años y es más duradero que el de fábrica en la mayoría de los gabinetes nuevos. Llame al 786-363-7039 para un presupuesto gratis.",1,"Renovación de Gabinetes en South Miami, FL",es,https://brokeandfixed.com/es/services/renovacion-de-gabinetes/south-miami,,Service | LocalBusiness | FAQPage | BreadcrumbList,6,1,18,596,description length 461; 1/6 images missing alt,
https://brokeandfixed.com/en/services/cabinet-refinishing/south-miami-heights,200,https://brokeandfixed.com/en/services/cabinet-refinishing/south-miami-heights,"Cabinet Refinishing in South Miami Heights, FL | Broke & Fixed","Cabinet Refinishing in South Miami Heights, FL. If your kitchen cabinets are solid wood and the layout still works, refinishing gets you what looks like a new kitchen for a fraction of the cost. We strip, sand, prime, and spray with post-catalyzed lacquer or 2K polyurethane. The finish lasts 10 to 15 years and is more durable than what comes from the factory on most new cabinets. Call 786-363-7039 for a free estimate.",1,"Cabinet Refinishing in South Miami Heights, FL",en,https://brokeandfixed.com/en/services/cabinet-refinishing/south-miami-heights,,Service | LocalBusiness | FAQPage | BreadcrumbList,6,1,18,573,description length 421; 1/6 images missing alt,
https://brokeandfixed.com/es/services/renovacion-de-gabinetes/south-miami-heights,200,https://brokeandfixed.com/es/services/renovacion-de-gabinetes/south-miami-heights,"Renovación de Gabinetes en South Miami Heights, FL | Broke & Fixed","Renovación de Gabinetes en South Miami Heights, FL. Si los gabinetes de tu cocina son de madera sólida y la distribución todavía funciona, renovarlos te da lo que parece una cocina nueva por una fracción del costo. Quitamos el acabado, lijamos, aplicamos primer y rociamos con laca post-catalizada o poliuretano 2K. El acabado dura 10 a 15 años y es más duradero que el de fábrica en la mayoría de los gabinetes nuevos. Llame al 786-363-7039 para un presupuesto gratis.",1,"Renovación de Gabinetes en South Miami Heights, FL",es,https://brokeandfixed.com/es/services/renovacion-de-gabinetes/south-miami-heights,,Service | LocalBusiness | FAQPage | BreadcrumbList,6,1,18,614,title length 66; description length 469; 1/6 images missing alt,
https://brokeandfixed.com/en/services/cabinet-refinishing/miami-gardens,200,https://brokeandfixed.com/en/services/cabinet-refinishing/miami-gardens,"Cabinet Refinishing in Miami Gardens, FL | Broke & Fixed","Cabinet Refinishing in Miami Gardens, FL. If your kitchen cabinets are solid wood and the layout still works, refinishing gets you what looks like a new kitchen for a fraction of the cost. We strip, sand, prime, and spray with post-catalyzed lacquer or 2K polyurethane. The finish lasts 10 to 15 years and is more durable than what comes from the factory on most new cabinets. Call 786-363-7039 for a free estimate.",1,"Cabinet Refinishing in Miami Gardens, FL",en,https://brokeandfixed.com/en/services/cabinet-refinishing/miami-gardens,,Service | LocalBusiness | FAQPage | BreadcrumbList,6,1,15,549,description length 415; 1/6 images missing alt,
https://brokeandfixed.com/es/services/renovacion-de-gabinetes/miami-gardens,200,https://brokeandfixed.com/es/services/renovacion-de-gabinetes/miami-gardens,"Renovación de Gabinetes en Miami Gardens, FL | Broke & Fixed","Renovación de Gabinetes en Miami Gardens, FL. Si los gabinetes de tu cocina son de madera sólida y la distribución todavía funciona, renovarlos te da lo que parece una cocina nueva por una fracción del costo. Quitamos el acabado, lijamos, aplicamos primer y rociamos con laca post-catalizada o poliuretano 2K. El acabado dura 10 a 15 años y es más duradero que el de fábrica en la mayoría de los gabinetes nuevos. Llame al 786-363-7039 para un presupuesto gratis.",1,"Renovación de Gabinetes en Miami Gardens, FL",es,https://brokeandfixed.com/es/services/renovacion-de-gabinetes/miami-gardens,,Service | LocalBusiness | FAQPage | BreadcrumbList,6,1,15,587,description length 463; 1/6 images missing alt,
https://brokeandfixed.com/en/services/cabinet-refinishing/westchester,200,https://brokeandfixed.com/en/services/cabinet-refinishing/westchester,"Cabinet Refinishing in Westchester, FL | Broke & Fixed","Cabinet Refinishing in Westchester, FL. If your kitchen cabinets are solid wood and the layout still works, refinishing gets you what looks like a new kitchen for a fraction of the cost. We strip, sand, prime, and spray with post-catalyzed lacquer or 2K polyurethane. The finish lasts 10 to 15 years and is more durable than what comes from the factory on most new cabinets. Call 786-363-7039 for a free estimate.",1,"Cabinet Refinishing in Westchester, FL",en,https://brokeandfixed.com/en/services/cabinet-refinishing/westchester,,Service | LocalBusiness | FAQPage | BreadcrumbList,6,1,18,543,description length 413; 1/6 images missing alt,
https://brokeandfixed.com/es/services/renovacion-de-gabinetes/westchester,200,https://brokeandfixed.com/es/services/renovacion-de-gabinetes/westchester,"Renovación de Gabinetes en Westchester, FL | Broke & Fixed","Renovación de Gabinetes en Westchester, FL. Si los gabinetes de tu cocina son de madera sólida y la distribución todavía funciona, renovarlos te da lo que parece una cocina nueva por una fracción del costo. Quitamos el acabado, lijamos, aplicamos primer y rociamos con laca post-catalizada o poliuretano 2K. El acabado dura 10 a 15 años y es más duradero que el de fábrica en la mayoría de los gabinetes nuevos. Llame al 786-363-7039 para un presupuesto gratis.",1,"Renovación de Gabinetes en Westchester, FL",es,https://brokeandfixed.com/es/services/renovacion-de-gabinetes/westchester,,Service | LocalBusiness | FAQPage | BreadcrumbList,6,1,18,582,description length 461; 1/6 images missing alt,
https://brokeandfixed.com/en/services/cabinet-refinishing/coral-gables,200,https://brokeandfixed.com/en/services/cabinet-refinishing/coral-gables,"Cabinet Refinishing in Coral Gables, FL | Broke & Fixed","Cabinet Refinishing in Coral Gables, FL. If your kitchen cabinets are solid wood and the layout still works, refinishing gets you what looks like a new kitchen for a fraction of the cost. We strip, sand, prime, and spray with post-catalyzed lacquer or 2K polyurethane. The finish lasts 10 to 15 years and is more durable than what comes from the factory on most new cabinets. Call 786-363-7039 for a free estimate.",1,"Cabinet Refinishing in Coral Gables, FL",en,https://brokeandfixed.com/en/services/cabinet-refinishing/coral-gables,,Service | LocalBusiness | FAQPage | BreadcrumbList,6,1,18,558,description length 414; 1/6 images missing alt,
https://brokeandfixed.com/es/services/renovacion-de-gabinetes/coral-gables,200,https://brokeandfixed.com/es/services/renovacion-de-gabinetes/coral-gables,"Renovación de Gabinetes en Coral Gables, FL | Broke & Fixed","Renovación de Gabinetes en Coral Gables, FL. Si los gabinetes de tu cocina son de madera sólida y la distribución todavía funciona, renovarlos te da lo que parece una cocina nueva por una fracción del costo. Quitamos el acabado, lijamos, aplicamos primer y rociamos con laca post-catalizada o poliuretano 2K. El acabado dura 10 a 15 años y es más duradero que el de fábrica en la mayoría de los gabinetes nuevos. Llame al 786-363-7039 para un presupuesto gratis.",1,"Renovación de Gabinetes en Coral Gables, FL",es,https://brokeandfixed.com/es/services/renovacion-de-gabinetes/coral-gables,,Service | LocalBusiness | FAQPage | BreadcrumbList,6,1,18,592,description length 462; 1/6 images missing alt,
https://brokeandfixed.com/en/services/cabinet-refinishing/country-walk,200,https://brokeandfixed.com/en/services/cabinet-refinishing/country-walk,"Cabinet Refinishing in Country Walk, FL | Broke & Fixed","Cabinet Refinishing in Country Walk, FL. If your kitchen cabinets are solid wood and the layout still works, refinishing gets you what looks like a new kitchen for a fraction of the cost. We strip, sand, prime, and spray with post-catalyzed lacquer or 2K polyurethane. The finish lasts 10 to 15 years and is more durable than what comes from the factory on most new cabinets. Call 786-363-7039 for a free estimate.",1,"Cabinet Refinishing in Country Walk, FL",en,https://brokeandfixed.com/en/services/cabinet-refinishing/country-walk,,Service | LocalBusiness | FAQPage | BreadcrumbList,6,1,18,564,description length 414; 1/6 images missing alt,
https://brokeandfixed.com/es/services/renovacion-de-gabinetes/country-walk,200,https://brokeandfixed.com/es/services/renovacion-de-gabinetes/country-walk,"Renovación de Gabinetes en Country Walk, FL | Broke & Fixed","Renovación de Gabinetes en Country Walk, FL. Si los gabinetes de tu cocina son de madera sólida y la distribución todavía funciona, renovarlos te da lo que parece una cocina nueva por una fracción del costo. Quitamos el acabado, lijamos, aplicamos primer y rociamos con laca post-catalizada o poliuretano 2K. El acabado dura 10 a 15 años y es más duradero que el de fábrica en la mayoría de los gabinetes nuevos. Llame al 786-363-7039 para un presupuesto gratis.",1,"Renovación de Gabinetes en Country Walk, FL",es,https://brokeandfixed.com/es/services/renovacion-de-gabinetes/country-walk,,Service | LocalBusiness | FAQPage | BreadcrumbList,6,1,18,605,description length 462; 1/6 images missing alt,
https://brokeandfixed.com/en/services/cabinet-refinishing/coconut-grove,200,https://brokeandfixed.com/en/services/cabinet-refinishing/coconut-grove,"Cabinet Refinishing in Coconut Grove, FL | Broke & Fixed","Cabinet Refinishing in Coconut Grove, FL. If your kitchen cabinets are solid wood and the layout still works, refinishing gets you what looks like a new kitchen for a fraction of the cost. We strip, sand, prime, and spray with post-catalyzed lacquer or 2K polyurethane. The finish lasts 10 to 15 years and is more durable than what comes from the factory on most new cabinets. Call 786-363-7039 for a free estimate.",1,"Cabinet Refinishing in Coconut Grove, FL",en,https://brokeandfixed.com/en/services/cabinet-refinishing/coconut-grove,,Service | LocalBusiness | FAQPage | BreadcrumbList,6,1,16,552,description length 415; 1/6 images missing alt,
https://brokeandfixed.com/es/services/renovacion-de-gabinetes/coconut-grove,200,https://brokeandfixed.com/es/services/renovacion-de-gabinetes/coconut-grove,"Renovación de Gabinetes en Coconut Grove, FL | Broke & Fixed","Renovación de Gabinetes en Coconut Grove, FL. Si los gabinetes de tu cocina son de madera sólida y la distribución todavía funciona, renovarlos te da lo que parece una cocina nueva por una fracción del costo. Quitamos el acabado, lijamos, aplicamos primer y rociamos con laca post-catalizada o poliuretano 2K. El acabado dura 10 a 15 años y es más duradero que el de fábrica en la mayoría de los gabinetes nuevos. Llame al 786-363-7039 para un presupuesto gratis.",1,"Renovación de Gabinetes en Coconut Grove, FL",es,https://brokeandfixed.com/es/services/renovacion-de-gabinetes/coconut-grove,,Service | LocalBusiness | FAQPage | BreadcrumbList,6,1,16,591,description length 463; 1/6 images missing alt,
https://brokeandfixed.com/en/faq,200,https://brokeandfixed.com/en/faq,FAQ | Home Remodeling Questions | Broke & Fixed Home Solutions,Answers to the most common questions about our home remodeling services in Miami-Dade.,1,Frequently Asked Questions,en,https://brokeandfixed.com/en/faq,,BreadcrumbList | FAQPage,1,1,12,2992,hreflang incomplete; 1/1 images missing alt,
https://brokeandfixed.com/es/faq,200,https://brokeandfixed.com/es/faq,Preguntas Frecuentes | Remodelacion del Hogar | Broke & Fixed Home Solutions,Respuestas a las preguntas mas comunes sobre nuestros servicios de remodelacion en Miami-Dade.,1,Preguntas Frecuentes,es,https://brokeandfixed.com/es/faq,,BreadcrumbList | FAQPage,1,1,12,2990,title length 76; hreflang incomplete; 1/1 images missing alt,
https://brokeandfixed.com/en/faq/bathroom-remodeling,200,https://brokeandfixed.com/en/faq/bathroom-remodeling,Bathroom Remodeling FAQ | Broke & Fixed,Answers to common questions about bathroom remodeling in Miami-Dade.,1,Bathroom Remodeling FAQ,en,https://brokeandfixed.com/en/faq/bathroom-remodeling,,BreadcrumbList | FAQPage,1,1,7,464,description length 68; 1/1 images missing alt,
https://brokeandfixed.com/es/faq/remodelacion-de-banos,200,https://brokeandfixed.com/es/faq/remodelacion-de-banos,Preguntas Frecuentes - Remodelación de Baños | Broke & Fixed,Respuestas a preguntas comunes sobre remodelación de baños en Miami-Dade.,1,Remodelación de Baños FAQ,es,https://brokeandfixed.com/es/faq/remodelacion-de-banos,,BreadcrumbList | FAQPage,1,1,7,470,description length 73; 1/1 images missing alt,
https://brokeandfixed.com/en/faq/kitchen-remodeling,200,https://brokeandfixed.com/en/faq/kitchen-remodeling,Kitchen Remodeling FAQ | Broke & Fixed,Answers to common questions about kitchen remodeling in Miami-Dade.,1,Kitchen Remodeling FAQ,en,https://brokeandfixed.com/en/faq/kitchen-remodeling,,BreadcrumbList | FAQPage,1,1,7,464,description length 67; 1/1 images missing alt,
https://brokeandfixed.com/es/faq/remodelacion-de-cocinas,200,https://brokeandfixed.com/es/faq/remodelacion-de-cocinas,Preguntas Frecuentes - Remodelación de Cocinas | Broke & Fixed,Respuestas a preguntas comunes sobre remodelación de cocinas en Miami-Dade.,1,Remodelación de Cocinas FAQ,es,https://brokeandfixed.com/es/faq/remodelacion-de-cocinas,,BreadcrumbList | FAQPage,1,1,7,470,description length 75; 1/1 images missing alt,
https://brokeandfixed.com/en/faq/interior-painting,200,https://brokeandfixed.com/en/faq/interior-painting,Interior Painting FAQ | Broke & Fixed,Answers to common questions about interior painting in Miami-Dade.,1,Interior Painting FAQ,en,https://brokeandfixed.com/en/faq/interior-painting,,BreadcrumbList | FAQPage,1,1,7,463,description length 66; 1/1 images missing alt,
https://brokeandfixed.com/es/faq/pintura-interior,200,https://brokeandfixed.com/es/faq/pintura-interior,Preguntas Frecuentes - Pintura Interior | Broke & Fixed,Respuestas a preguntas comunes sobre pintura interior en Miami-Dade.,1,Pintura Interior FAQ,es,https://brokeandfixed.com/es/faq/pintura-interior,,BreadcrumbList | FAQPage,1,1,7,465,description length 68; 1/1 images missing alt,
https://brokeandfixed.com/en/faq/exterior-painting,200,https://brokeandfixed.com/en/faq/exterior-painting,Exterior Painting FAQ | Broke & Fixed,Answers to common questions about exterior painting in Miami-Dade.,1,Exterior Painting FAQ,en,https://brokeandfixed.com/en/faq/exterior-painting,,BreadcrumbList | FAQPage,1,1,7,471,description length 66; 1/1 images missing alt,
https://brokeandfixed.com/es/faq/pintura-exterior,200,https://brokeandfixed.com/es/faq/pintura-exterior,Preguntas Frecuentes - Pintura Exterior | Broke & Fixed,Respuestas a preguntas comunes sobre pintura exterior en Miami-Dade.,1,Pintura Exterior FAQ,es,https://brokeandfixed.com/es/faq/pintura-exterior,,BreadcrumbList | FAQPage,1,1,7,473,description length 68; 1/1 images missing alt,
https://brokeandfixed.com/en/faq/tile-work,200,https://brokeandfixed.com/en/faq/tile-work,Tile Work FAQ | Broke & Fixed,Answers to common questions about tile work in Miami-Dade.,1,Tile Work FAQ,en,https://brokeandfixed.com/en/faq/tile-work,,BreadcrumbList | FAQPage,1,1,7,456,title length 29; description length 58; 1/1 images missing alt,
https://brokeandfixed.com/es/faq/instalacion-de-pisos,200,https://brokeandfixed.com/es/faq/instalacion-de-pisos,Preguntas Frecuentes - Instalación de Pisos | Broke & Fixed,Respuestas a preguntas comunes sobre instalación de pisos en Miami-Dade.,1,Instalación de Pisos FAQ,es,https://brokeandfixed.com/es/faq/instalacion-de-pisos,,BreadcrumbList | FAQPage,1,1,7,462,description length 72; 1/1 images missing alt,
https://brokeandfixed.com/en/faq/exterior-repairs,200,https://brokeandfixed.com/en/faq/exterior-repairs,Exterior Repairs FAQ | Broke & Fixed,Answers to common questions about exterior repairs in Miami-Dade.,1,Exterior Repairs FAQ,en,https://brokeandfixed.com/en/faq/exterior-repairs,,BreadcrumbList | FAQPage,1,1,7,469,description length 65; 1/1 images missing alt,
https://brokeandfixed.com/es/faq/reparaciones-exteriores,200,https://brokeandfixed.com/es/faq/reparaciones-exteriores,Preguntas Frecuentes - Reparaciones Exteriores | Broke & Fixed,Respuestas a preguntas comunes sobre reparaciones exteriores en Miami-Dade.,1,Reparaciones Exteriores FAQ,es,https://brokeandfixed.com/es/faq/reparaciones-exteriores,,BreadcrumbList | FAQPage,1,1,7,471,description length 75; 1/1 images missing alt,
https://brokeandfixed.com/en/faq/cabinet-refinishing,200,https://brokeandfixed.com/en/faq/cabinet-refinishing,Cabinet Refinishing FAQ | Broke & Fixed,Answers to common questions about cabinet refinishing in Miami-Dade.,1,Cabinet Refinishing FAQ,en,https://brokeandfixed.com/en/faq/cabinet-refinishing,,BreadcrumbList | FAQPage,1,1,7,610,description length 68; 1/1 images missing alt,
https://brokeandfixed.com/es/faq/renovacion-de-gabinetes,200,https://brokeandfixed.com/es/faq/renovacion-de-gabinetes,Preguntas Frecuentes - Renovación de Gabinetes | Broke & Fixed,Respuestas a preguntas comunes sobre renovación de gabinetes en Miami-Dade.,1,Renovación de Gabinetes FAQ,es,https://brokeandfixed.com/es/faq/renovacion-de-gabinetes,,BreadcrumbList | FAQPage,1,1,7,616,description length 75; 1/1 images missing alt,
https://brokeandfixed.com/en/blog,200,https://brokeandfixed.com/en/blog,Blog | Broke & Fixed Home Solutions,"Cost guides, before and after projects, and tips for Miami-Dade homeowners.",1,Blog,en,https://brokeandfixed.com/en/blog,,BreadcrumbList,58,1,176,2748,description length 75; 1/58 images missing alt,
https://brokeandfixed.com/es/blog,200,https://brokeandfixed.com/es/blog,Blog | Broke & Fixed Home Solutions,"Guias de costos, proyectos de antes y despues, y consejos para propietarios en Miami-Dade.",1,Blog,es,https://brokeandfixed.com/es/blog,,BreadcrumbList,58,1,176,3080,1/58 images missing alt,
https://brokeandfixed.com/en/blog/hb-803-in-effect-bathroom-kitchen-miami,200,https://brokeandfixed.com/en/blog/hb-803-in-effect-bathroom-kitchen-miami,HB 803 Is Now in Effect: Start Your Permit-Free Bathroom or Kitchen Remodel in Miami Today,"Florida HB 803 took effect July 1, 2026. Cosmetic bathroom and kitchen remodels under $7,500 no longer need a building permit in Miami-Dade. Here is what you can start today, what still needs a permit, and how to plan it.",1,HB 803 Is Now in Effect: Start Your Permit-Free Bathroom or Kitchen Remodel in Miami Today,en,https://brokeandfixed.com/en/blog/hb-803-in-effect-bathroom-kitchen-miami,,BlogPosting | FAQPage | BreadcrumbList,3,1,19,2150,title length 90; description length 221; 1/3 images missing alt,
https://brokeandfixed.com/es/blog/hb-803-in-effect-bathroom-kitchen-miami,200,https://brokeandfixed.com/es/blog/hb-803-in-effect-bathroom-kitchen-miami,La Ley HB 803 Ya Está en Vigor: Empieza Hoy Tu Remodelación de Baño o Cocina Sin Permiso en Miami,"La Ley HB 803 de Florida entró en vigor el 1 de julio de 2026. Las remodelaciones cosméticas de baño y cocina bajo $7,500 ya no necesitan permiso de construcción en Miami-Dade. Aquí está lo que puedes empezar hoy, lo que aún necesita permiso, y cómo planificarlo.",1,La Ley HB 803 Ya Está en Vigor: Empieza Hoy Tu Remodelación de Baño o Cocina Sin Permiso en Miami,es,https://brokeandfixed.com/es/blog/hb-803-in-effect-bathroom-kitchen-miami,,BlogPosting | FAQPage | BreadcrumbList,3,1,19,2255,title length 97; description length 263; 1/3 images missing alt,
https://brokeandfixed.com/en/blog/hb-803-timeline-before-after-july-1-2026,200,https://brokeandfixed.com/en/blog/hb-803-timeline-before-after-july-1-2026,HB 803 Timeline: Pre-July 1 vs Post-July 1 Remodel Costs in Miami,"Florida HB 803 starts July 1, 2026. See side-by-side what a small Miami remodel costs and how long it takes before July 1 (permit $200-$800 + 1-4 week wait) vs after.",1,HB 803 Timeline: Pre-July 1 vs Post-July 1 Remodel Costs in Miami,en,https://brokeandfixed.com/en/blog/hb-803-timeline-before-after-july-1-2026,,BlogPosting | FAQPage | BreadcrumbList,2,1,22,2819,1/2 images missing alt,
https://brokeandfixed.com/es/blog/hb-803-timeline-before-after-july-1-2026,200,https://brokeandfixed.com/es/blog/hb-803-timeline-before-after-july-1-2026,Cronología de la Ley HB 803: Costos de Remodelación Antes y Después del 1 de Julio en Miami,La Ley HB 803 de Florida entra en vigor el 1 de julio de 2026. Mira lado a lado lo que cuesta una remodelación pequeña en Miami antes y después: permiso de $200 a $800 y espera de 1 a 4 semanas.,1,Cronología de la Ley HB 803: Costos de Remodelación Antes y Después del 1 de Julio en Miami,es,https://brokeandfixed.com/es/blog/hb-803-timeline-before-after-july-1-2026,,BlogPosting | FAQPage | BreadcrumbList,2,1,22,3118,title length 91; description length 194; 1/2 images missing alt,
https://brokeandfixed.com/en/blog/hb-803-private-provider-fees-explained,200,https://brokeandfixed.com/en/blog/hb-803-private-provider-fees-explained,Private Provider Fees Under HB 803: The 25-50% Reduction Explained (Miami 2026),"Florida HB 803 is linked to a 25-50% cut in private-provider plan-review fees. Learn what a private provider is, when it speeds up a Miami permit, and how it fits the new exemption.",1,Private Provider Fees Under HB 803: The 25-50% Reduction Explained (Miami 2026),en,https://brokeandfixed.com/en/blog/hb-803-private-provider-fees-explained,,BlogPosting | FAQPage | BreadcrumbList,2,1,22,2712,title length 79; description length 181; 1/2 images missing alt,
https://brokeandfixed.com/es/blog/hb-803-private-provider-fees-explained,200,https://brokeandfixed.com/es/blog/hb-803-private-provider-fees-explained,Tarifas de Proveedor Privado Bajo la Ley HB 803: La Reducción del 25-50% Explicada (Miami 2026),La Ley HB 803 de Florida se asocia con una reducción del 25-50% en tarifas de revisión de planos por proveedor privado. Aprende qué es un proveedor privado y cuándo acelera un permiso en Miami.,1,Tarifas de Proveedor Privado Bajo la Ley HB 803: La Reducción del 25-50% Explicada (Miami 2026),es,https://brokeandfixed.com/es/blog/hb-803-private-provider-fees-explained,,BlogPosting | FAQPage | BreadcrumbList,2,1,22,2954,title length 95; description length 193; 1/2 images missing alt,
https://brokeandfixed.com/en/blog/hb-803-kitchen-remodel-7500-cap-miami,200,https://brokeandfixed.com/en/blog/hb-803-kitchen-remodel-7500-cap-miami,"HB 803 Kitchen Remodel: The $7,500 Cap Explained for Miami Homeowners","Florida HB 803 lets you skip the permit on cosmetic kitchen work under $7,500 in Miami. Here is what qualifies, what needs a permit, and how the anti-bundling rule works.",1,"HB 803 Kitchen Remodel: The $7,500 Cap Explained for Miami Homeowners",en,https://brokeandfixed.com/en/blog/hb-803-kitchen-remodel-7500-cap-miami,,BlogPosting | FAQPage | BreadcrumbList,2,1,21,3001,title length 69; 1/2 images missing alt,
https://brokeandfixed.com/es/blog/hb-803-kitchen-remodel-7500-cap-miami,200,https://brokeandfixed.com/es/blog/hb-803-kitchen-remodel-7500-cap-miami,"Remodelación de Cocina con HB 803: El Límite de $7,500 Explicado para Dueños de Casa en Miami","La ley HB 803 de Florida te deja saltarte el permiso en trabajo cosmético de cocina bajo $7,500 en Miami. Esto es lo que califica, lo que necesita permiso y cómo funciona el anti-empaquetado.",1,"Remodelación de Cocina con HB 803: El Límite de $7,500 Explicado para Dueños de Casa en Miami",es,https://brokeandfixed.com/es/blog/hb-803-kitchen-remodel-7500-cap-miami,,BlogPosting | FAQPage | BreadcrumbList,2,1,21,3236,title length 93; description length 191; 1/2 images missing alt,
https://brokeandfixed.com/en/blog/hb-803-hoa-architectural-review-changes,200,https://brokeandfixed.com/en/blog/hb-803-hoa-architectural-review-changes,HOA Architectural Review After HB 803: What Changed for Miami Homeowners,"Florida HB 803 stops your HOA from requiring a building permit before architectural review. Here is what changes for Miami homeowners in Coral Gables, Pinecrest, and Doral after July 1, 2026.",1,HOA Architectural Review After HB 803: What Changed for Miami Homeowners,en,https://brokeandfixed.com/en/blog/hb-803-hoa-architectural-review-changes,,BlogPosting | FAQPage | BreadcrumbList,2,1,23,2651,title length 72; description length 191; 1/2 images missing alt,
https://brokeandfixed.com/es/blog/hb-803-hoa-architectural-review-changes,200,https://brokeandfixed.com/es/blog/hb-803-hoa-architectural-review-changes,Revisión Arquitectónica del HOA Después de la HB 803: Qué Cambió para los Dueños de Casa en Miami,La Ley HB 803 de Florida le impide al HOA exigir un permiso de construcción antes de la revisión arquitectónica. Aquí está lo que cambia para los dueños de casa en Miami después del 1 de julio de 2026.,1,Revisión Arquitectónica del HOA Después de la HB 803: Qué Cambió para los Dueños de Casa en Miami,es,https://brokeandfixed.com/es/blog/hb-803-hoa-architectural-review-changes,,BlogPosting | FAQPage | BreadcrumbList,2,1,23,2950,title length 97; description length 201; 1/2 images missing alt,
https://brokeandfixed.com/en/blog/hb-803-flood-zones-miami-permit-exemption,200,https://brokeandfixed.com/en/blog/hb-803-flood-zones-miami-permit-exemption,HB 803 and Flood Zones: Where Miami Permit Exemptions Don't Apply,"Florida HB 803 skips permits for cosmetic remodels under $7,500, but not in flood-hazard zones. Here is how to check your Miami flood zone before you start.",1,HB 803 and Flood Zones: Where Miami Permit Exemptions Don't Apply,en,https://brokeandfixed.com/en/blog/hb-803-flood-zones-miami-permit-exemption,,BlogPosting | FAQPage | BreadcrumbList,2,1,23,2823,1/2 images missing alt,
https://brokeandfixed.com/es/blog/hb-803-flood-zones-miami-permit-exemption,200,https://brokeandfixed.com/es/blog/hb-803-flood-zones-miami-permit-exemption,HB 803 y Zonas de Inundación: Dónde No Aplica la Exención de Permisos en Miami,"La ley HB 803 de Florida exime permisos para remodelaciones cosméticas bajo $7,500, pero no en zonas de inundación. Aquí está cómo verificar tu zona en Miami antes de empezar.",1,HB 803 y Zonas de Inundación: Dónde No Aplica la Exención de Permisos en Miami,es,https://brokeandfixed.com/es/blog/hb-803-flood-zones-miami-permit-exemption,,BlogPosting | FAQPage | BreadcrumbList,2,1,23,3083,title length 78; description length 175; 1/2 images missing alt,
https://brokeandfixed.com/en/blog/necesito-permiso-remodelar-casa-miami-hb-803,200,https://brokeandfixed.com/en/blog/necesito-permiso-remodelar-casa-miami-hb-803,Do I Need a Permit to Remodel My Miami Home? HB 803 Explained in Plain Spanish and English,"Do you need a permit to remodel your Miami home? Florida HB 803 lets you skip the permit on cosmetic work under $7,500 on single-family homes starting July 1, 2026. Here is the plain answer.",1,Do I Need a Permit to Remodel My Miami Home? HB 803 Explained in Plain Spanish and English,en,https://brokeandfixed.com/en/blog/necesito-permiso-remodelar-casa-miami-hb-803,,BlogPosting | FAQPage | BreadcrumbList,2,1,24,2392,title length 90; description length 190; 1/2 images missing alt,
https://brokeandfixed.com/es/blog/necesito-permiso-remodelar-casa-miami-hb-803,200,https://brokeandfixed.com/es/blog/necesito-permiso-remodelar-casa-miami-hb-803,¿Necesito Permiso para Remodelar mi Casa en Miami? La Ley HB 803 Explicada,"¿Necesitas permiso para remodelar tu casa en Miami? La ley HB 803 de Florida te deja saltarte el permiso en trabajo cosmético bajo $7,500 en casas unifamiliares desde el 1 de julio de 2026.",1,¿Necesito Permiso para Remodelar mi Casa en Miami? La Ley HB 803 Explicada,es,https://brokeandfixed.com/es/blog/necesito-permiso-remodelar-casa-miami-hb-803,,BlogPosting | FAQPage | BreadcrumbList,2,1,24,2593,title length 74; description length 189; 1/2 images missing alt,
https://brokeandfixed.com/en/blog/hb-803-bathroom-remodel-no-permit-miami,200,https://brokeandfixed.com/en/blog/hb-803-bathroom-remodel-no-permit-miami,HB 803 Bathroom Remodel: What You Can Do Without a Permit in Miami,"Florida HB 803 lets you remodel a Miami bathroom without a permit when the cosmetic work stays under $7,500. Here is what qualifies, what still needs a permit, and real cost examples.",1,HB 803 Bathroom Remodel: What You Can Do Without a Permit in Miami,en,https://brokeandfixed.com/en/blog/hb-803-bathroom-remodel-no-permit-miami,,BlogPosting | FAQPage | BreadcrumbList,2,1,21,2661,title length 66; description length 183; 1/2 images missing alt,
https://brokeandfixed.com/es/blog/hb-803-bathroom-remodel-no-permit-miami,200,https://brokeandfixed.com/es/blog/hb-803-bathroom-remodel-no-permit-miami,Remodelación de Baño con la Ley HB 803: Qué Puedes Hacer Sin Permiso en Miami,"La Ley HB 803 de Florida te deja remodelar un baño en Miami sin permiso cuando el trabajo cosmético se mantiene bajo $7,500. Aquí está lo que califica, lo que aún necesita permiso, y ejemplos reales de costo.",1,Remodelación de Baño con la Ley HB 803: Qué Puedes Hacer Sin Permiso en Miami,es,https://brokeandfixed.com/es/blog/hb-803-bathroom-remodel-no-permit-miami,,BlogPosting | FAQPage | BreadcrumbList,2,1,21,2898,title length 77; description length 208; 1/2 images missing alt,
https://brokeandfixed.com/en/blog/tile-installation-doral-condo-guide-2026,200,https://brokeandfixed.com/en/blog/tile-installation-doral-condo-guide-2026,"Tile Installation in Doral, FL: Condo and Townhouse Guide (2026)","Tile installation in Doral, FL: condo HOA rules, high-rise logistics, porcelain vs LVT, soundproofing requirements, real cost ranges and case studies for 2026.",1,"Tile Installation in Doral, FL: Condo and Townhouse Guide (2026)",en,https://brokeandfixed.com/en/blog/tile-installation-doral-condo-guide-2026,,BlogPosting | FAQPage | BreadcrumbList,2,1,15,2987,1/2 images missing alt,
https://brokeandfixed.com/es/blog/tile-installation-doral-condo-guide-2026,200,https://brokeandfixed.com/es/blog/tile-installation-doral-condo-guide-2026,"Instalación de Azulejos en Doral, FL: Guía para Condos y Townhouses (2026)","Instalación de azulejos en Doral, FL: reglas de HOA en condos, logística de high-rise, porcelana vs LVT, requisitos de insonorización, rangos reales de costo y casos para 2026.",1,"Instalación de Azulejos en Doral, FL: Guía para Condos y Townhouses (2026)",es,https://brokeandfixed.com/es/blog/tile-installation-doral-condo-guide-2026,,BlogPosting | FAQPage | BreadcrumbList,2,1,15,1028,title length 74; description length 176; 1/2 images missing alt,
https://brokeandfixed.com/en/blog/kitchen-remodeling-coral-gables-luxury-guide-2026,200,https://brokeandfixed.com/en/blog/kitchen-remodeling-coral-gables-luxury-guide-2026,Kitchen Remodeling in Coral Gables: The Luxury Renovation Guide (2026),"What a luxury kitchen remodel costs in Coral Gables in 2026. Architectural review board process, material picks that respect Mediterranean architecture, real case studies.",1,Kitchen Remodeling in Coral Gables: The Luxury Renovation Guide (2026),en,https://brokeandfixed.com/en/blog/kitchen-remodeling-coral-gables-luxury-guide-2026,,BlogPosting | FAQPage | BreadcrumbList,2,1,16,2858,title length 70; description length 171; 1/2 images missing alt,
https://brokeandfixed.com/es/blog/kitchen-remodeling-coral-gables-luxury-guide-2026,200,https://brokeandfixed.com/es/blog/kitchen-remodeling-coral-gables-luxury-guide-2026,Remodelación de Cocinas en Coral Gables: La Guía de Renovación de Lujo (2026),"Lo que cuesta una remodelación de cocina de lujo en Coral Gables en 2026. Proceso del comité de revisión arquitectónica, materiales que respetan la arquitectura mediterránea, casos reales.",1,Remodelación de Cocinas en Coral Gables: La Guía de Renovación de Lujo (2026),es,https://brokeandfixed.com/es/blog/kitchen-remodeling-coral-gables-luxury-guide-2026,,BlogPosting | FAQPage | BreadcrumbList,2,1,16,955,title length 77; description length 188; 1/2 images missing alt,
https://brokeandfixed.com/en/blog/interior-painting-pinecrest-color-trends-2026,200,https://brokeandfixed.com/en/blog/interior-painting-pinecrest-color-trends-2026,"Interior Painting in Pinecrest, FL: 2026 Color Trends and Project Guide","What colors are actually selling in Pinecrest in 2026. Process, paint quality for Florida humidity, cost ranges for whole-home repaints, and how HB 803 saves you on most jobs.",1,"Interior Painting in Pinecrest, FL: 2026 Color Trends and Project Guide",en,https://brokeandfixed.com/en/blog/interior-painting-pinecrest-color-trends-2026,,BlogPosting | FAQPage | BreadcrumbList,2,1,15,2845,title length 71; description length 175; 1/2 images missing alt,
https://brokeandfixed.com/es/blog/interior-painting-pinecrest-color-trends-2026,200,https://brokeandfixed.com/es/blog/interior-painting-pinecrest-color-trends-2026,"Pintura Interior en Pinecrest, FL: Tendencias de Color y Guía del Proyecto 2026","Qué colores se están vendiendo realmente en Pinecrest en 2026. Proceso, calidad de pintura para humedad de Florida, rangos de costo para repintura completa y cómo HB 803 te ahorra en la mayoría de trabajos.",1,"Pintura Interior en Pinecrest, FL: Tendencias de Color y Guía del Proyecto 2026",es,https://brokeandfixed.com/es/blog/interior-painting-pinecrest-color-trends-2026,,BlogPosting | FAQPage | BreadcrumbList,2,1,15,950,title length 79; description length 206; 1/2 images missing alt,
https://brokeandfixed.com/en/blog/florida-hb-803-no-permit-needed-2026,200,https://brokeandfixed.com/en/blog/florida-hb-803-no-permit-needed-2026,"Florida HB 803: Skip the Permit for Cosmetic Remodels Under $7,500 (Starts July 1, 2026)","Florida HB 803 takes effect July 1, 2026. Cosmetic remodel work under $7,500 on single-family homes is exempt from building permits. Here is what qualifies, what does not, and what it means for Miami homeowners.",1,"Florida HB 803: Skip the Permit for Cosmetic Remodels Under $7,500 (Starts July 1, 2026)",en,https://brokeandfixed.com/en/blog/florida-hb-803-no-permit-needed-2026,,BlogPosting | FAQPage | BreadcrumbList,2,1,21,1966,title length 88; description length 211; 1/2 images missing alt,
https://brokeandfixed.com/es/blog/florida-hb-803-no-permit-needed-2026,200,https://brokeandfixed.com/es/blog/florida-hb-803-no-permit-needed-2026,"Ley HB 803 de Florida: Sin Permiso para Remodelaciones Cosméticas Menores a $7,500 (Vigente el 1 de Julio de 2026)","La Ley HB 803 de Florida entra en vigor el 1 de julio de 2026. Las remodelaciones cosméticas bajo $7,500 en casas unifamiliares están exentas de permisos de construcción. Aquí está lo que califica, lo que no, y lo que significa para los dueños de casa en Miami.",1,"Ley HB 803 de Florida: Sin Permiso para Remodelaciones Cosméticas Menores a $7,500 (Vigente el 1 de Julio de 2026)",es,https://brokeandfixed.com/es/blog/florida-hb-803-no-permit-needed-2026,,BlogPosting | FAQPage | BreadcrumbList,2,1,19,2208,title length 114; description length 261; 1/2 images missing alt,
https://brokeandfixed.com/en/blog/bathroom-remodeling-kendall-cost-guide-2026,200,https://brokeandfixed.com/en/blog/bathroom-remodeling-kendall-cost-guide-2026,"Bathroom Remodeling in Kendall, FL: 2026 Cost Guide and Process","What a bathroom remodel actually costs in Kendall, FL in 2026. Real numbers, week-by-week timeline, material picks, and how HB 803 saves you permit fees on most jobs.",1,"Bathroom Remodeling in Kendall, FL: 2026 Cost Guide and Process",en,https://brokeandfixed.com/en/blog/bathroom-remodeling-kendall-cost-guide-2026,,BlogPosting | FAQPage | BreadcrumbList,2,1,16,2998,1/2 images missing alt,
https://brokeandfixed.com/es/blog/bathroom-remodeling-kendall-cost-guide-2026,200,https://brokeandfixed.com/es/blog/bathroom-remodeling-kendall-cost-guide-2026,"Remodelación de Baños en Kendall, FL: Guía de Costos y Proceso 2026","Lo que realmente cuesta una remodelación de baño en Kendall, FL en 2026. Cifras reales, cronograma semana a semana, materiales recomendados y cómo HB 803 te ahorra permisos en la mayoría de trabajos.",1,"Remodelación de Baños en Kendall, FL: Guía de Costos y Proceso 2026",es,https://brokeandfixed.com/es/blog/bathroom-remodeling-kendall-cost-guide-2026,,BlogPosting | FAQPage | BreadcrumbList,2,1,16,1046,title length 67; description length 199; 1/2 images missing alt,
https://brokeandfixed.com/en/blog/stucco-painting-guide-miami-homeowners,200,https://brokeandfixed.com/en/blog/stucco-painting-guide-miami-homeowners,Stucco Painting Guide: What Miami Homeowners Need to Know,"Everything Miami homeowners need to know about painting stucco. Prep work, paint selection, common mistakes, and what to expect from the process.",1,Stucco Painting Guide: What Miami Homeowners Need to Know,en,https://brokeandfixed.com/en/blog/stucco-painting-guide-miami-homeowners,,BlogPosting | BreadcrumbList,3,1,13,3116,1/3 images missing alt,
https://brokeandfixed.com/es/blog/stucco-painting-guide-miami-homeowners,200,https://brokeandfixed.com/es/blog/stucco-painting-guide-miami-homeowners,Guia de Pintura de Estuco: Lo Que los Propietarios en Miami Deben Saber,"Todo lo que los propietarios en Miami necesitan saber sobre pintar estuco. Preparacion, seleccion de pintura, errores comunes y que esperar.",1,Guia de Pintura de Estuco: Lo Que los Propietarios en Miami Deben Saber,es,https://brokeandfixed.com/es/blog/stucco-painting-guide-miami-homeowners,,BlogPosting | BreadcrumbList,3,1,13,3469,title length 71; 1/3 images missing alt,
https://brokeandfixed.com/en/blog/shower-niche-ideas-installation-guide,200,https://brokeandfixed.com/en/blog/shower-niche-ideas-installation-guide,Shower Niche Ideas and Installation Guide for Miami Bathrooms,"Shower niche design ideas, sizing guide, and installation tips. What works best in Miami bathrooms and common mistakes to avoid.",1,Shower Niche Ideas and Installation Guide for Miami Bathrooms,en,https://brokeandfixed.com/en/blog/shower-niche-ideas-installation-guide,,BlogPosting | BreadcrumbList,3,1,11,2784,1/3 images missing alt,
https://brokeandfixed.com/es/blog/shower-niche-ideas-installation-guide,200,https://brokeandfixed.com/es/blog/shower-niche-ideas-installation-guide,Ideas y Guia de Instalacion de Nichos de Ducha para Banos en Miami,"Ideas de diseno de nichos de ducha, guia de tamanos y consejos de instalacion. Que funciona mejor en banos de Miami y errores comunes.",1,Ideas y Guia de Instalacion de Nichos de Ducha para Banos en Miami,es,https://brokeandfixed.com/es/blog/shower-niche-ideas-installation-guide,,BlogPosting | BreadcrumbList,3,1,11,3121,title length 66; 1/3 images missing alt,
https://brokeandfixed.com/en/blog/kitchen-lighting-guide-miami-remodel,200,https://brokeandfixed.com/en/blog/kitchen-lighting-guide-miami-remodel,Kitchen Lighting Guide: What to Plan During Your Remodel,"How to plan kitchen lighting during a remodel. Layer types, fixture placement, LED options, and common mistakes Miami homeowners make.",1,Kitchen Lighting Guide: What to Plan During Your Remodel,en,https://brokeandfixed.com/en/blog/kitchen-lighting-guide-miami-remodel,,BlogPosting | BreadcrumbList,3,1,12,2423,1/3 images missing alt,
https://brokeandfixed.com/es/blog/kitchen-lighting-guide-miami-remodel,200,https://brokeandfixed.com/es/blog/kitchen-lighting-guide-miami-remodel,Guia de Iluminacion de Cocina: Que Planificar Durante Tu Remodelacion,"Como planificar la iluminacion de cocina durante una remodelacion. Tipos de capas, ubicacion de accesorios y errores comunes.",1,Guia de Iluminacion de Cocina: Que Planificar Durante Tu Remodelacion,es,https://brokeandfixed.com/es/blog/kitchen-lighting-guide-miami-remodel,,BlogPosting | BreadcrumbList,3,1,12,2722,title length 69; 1/3 images missing alt,
https://brokeandfixed.com/en/blog/interior-painting-cost-miami-2026,200,https://brokeandfixed.com/en/blog/interior-painting-cost-miami-2026,Interior Painting Cost in Miami: 2026 Price Guide,"Real interior painting costs in Miami-Dade for 2026. Price breakdowns by room, home size, and paint quality. Honest pricing from a local painting team.",1,Interior Painting Cost in Miami: 2026 Price Guide,en,https://brokeandfixed.com/en/blog/interior-painting-cost-miami-2026,,BlogPosting | FAQPage | BreadcrumbList,3,1,16,2657,1/3 images missing alt,
https://brokeandfixed.com/es/blog/interior-painting-cost-miami-2026,200,https://brokeandfixed.com/es/blog/interior-painting-cost-miami-2026,Costo de Pintura Interior en Miami: Guia de Precios 2026,"Costos reales de pintura interior en Miami-Dade para 2026. Desglose de precios por habitacion, tamano y calidad de pintura.",1,Costo de Pintura Interior en Miami: Guia de Precios 2026,es,https://brokeandfixed.com/es/blog/interior-painting-cost-miami-2026,,BlogPosting | FAQPage | BreadcrumbList,3,1,16,2918,1/3 images missing alt,
https://brokeandfixed.com/en/blog/how-long-exterior-paint-lasts-miami-humidity,200,https://brokeandfixed.com/en/blog/how-long-exterior-paint-lasts-miami-humidity,How Long Does Exterior Paint Last in Miami's Climate?,"How long exterior paint really lasts in Miami's heat and humidity. What shortens paint life, signs it's time to repaint, and how to make your paint job last longer.",1,How Long Does Exterior Paint Last in Miami's Climate?,en,https://brokeandfixed.com/en/blog/how-long-exterior-paint-lasts-miami-humidity,,BlogPosting | BreadcrumbList,3,1,11,2430,1/3 images missing alt,
https://brokeandfixed.com/es/blog/how-long-exterior-paint-lasts-miami-humidity,200,https://brokeandfixed.com/es/blog/how-long-exterior-paint-lasts-miami-humidity,Cuanto Dura la Pintura Exterior en el Clima de Miami?,Cuanto realmente dura la pintura exterior en el calor y humedad de Miami. Que acorta la vida de la pintura y como hacerla durar mas.,1,Cuanto Dura la Pintura Exterior en el Clima de Miami?,es,https://brokeandfixed.com/es/blog/how-long-exterior-paint-lasts-miami-humidity,,BlogPosting | BreadcrumbList,3,1,11,2813,1/3 images missing alt,
https://brokeandfixed.com/en/blog/flat-vs-eggshell-vs-satin-paint-finish-guide,200,https://brokeandfixed.com/en/blog/flat-vs-eggshell-vs-satin-paint-finish-guide,Flat vs Eggshell vs Satin: Which Paint Finish Is Right for Your Home?,"Flat, eggshell, satin, semi-gloss, or high-gloss? A straight breakdown of every paint finish, where to use each one, and what works best in Miami's humidity.",1,Flat vs Eggshell vs Satin: Which Paint Finish Is Right for Your Home?,en,https://brokeandfixed.com/en/blog/flat-vs-eggshell-vs-satin-paint-finish-guide,,BlogPosting | BreadcrumbList,3,1,12,2408,title length 69; 1/3 images missing alt,
https://brokeandfixed.com/es/blog/flat-vs-eggshell-vs-satin-paint-finish-guide,200,https://brokeandfixed.com/es/blog/flat-vs-eggshell-vs-satin-paint-finish-guide,Mate vs Cascara de Huevo vs Satin: Cual Acabado de Pintura Es Mejor?,"Mate, cascara de huevo, satin, semi-brillante o alto brillo? Guia directa de cada acabado de pintura y que funciona mejor en la humedad de Miami.",1,Mate vs Cascara de Huevo vs Satin: Cual Acabado de Pintura Es Mejor?,es,https://brokeandfixed.com/es/blog/flat-vs-eggshell-vs-satin-paint-finish-guide,,BlogPosting | BreadcrumbList,3,1,11,2527,title length 68; 1/3 images missing alt,
https://brokeandfixed.com/en/blog/exterior-painting-cost-miami-2026,200,https://brokeandfixed.com/en/blog/exterior-painting-cost-miami-2026,Exterior Painting Cost in Miami: 2026 Price Guide,"Real exterior painting costs in Miami-Dade for 2026. Price breakdowns by home size, surface type, and prep work. Honest numbers from a local painting team.",1,Exterior Painting Cost in Miami: 2026 Price Guide,en,https://brokeandfixed.com/en/blog/exterior-painting-cost-miami-2026,,BlogPosting | BreadcrumbList,3,1,14,2607,1/3 images missing alt,
https://brokeandfixed.com/es/blog/exterior-painting-cost-miami-2026,200,https://brokeandfixed.com/es/blog/exterior-painting-cost-miami-2026,Costo de Pintura Exterior en Miami: Guia de Precios 2026,"Costos reales de pintura exterior en Miami-Dade para 2026. Desglose de precios por tamano de casa, tipo de superficie y trabajo de preparacion.",1,Costo de Pintura Exterior en Miami: Guia de Precios 2026,es,https://brokeandfixed.com/es/blog/exterior-painting-cost-miami-2026,,BlogPosting | BreadcrumbList,3,1,14,2996,1/3 images missing alt,
https://brokeandfixed.com/en/blog/diy-painting-vs-hiring-professional-miami,200,https://brokeandfixed.com/en/blog/diy-painting-vs-hiring-professional-miami,DIY Painting vs Hiring a Pro: What Miami Homeowners Should Know,"Honest breakdown of DIY painting vs hiring a professional in Miami. Real cost comparison, time investment, and when each option makes sense.",1,DIY Painting vs Hiring a Pro: What Miami Homeowners Should Know,en,https://brokeandfixed.com/en/blog/diy-painting-vs-hiring-professional-miami,,BlogPosting | BreadcrumbList,3,1,14,2792,1/3 images missing alt,
https://brokeandfixed.com/es/blog/diy-painting-vs-hiring-professional-miami,200,https://brokeandfixed.com/es/blog/diy-painting-vs-hiring-professional-miami,Pintar Tu Mismo vs Contratar un Profesional: Lo Que Deben Saber los Propietarios en Miami,"Comparacion honesta entre pintar tu mismo y contratar un profesional en Miami. Costos reales, tiempo de inversion y cuando conviene cada opcion.",1,Pintar Tu Mismo vs Contratar un Profesional: Lo Que Deben Saber los Propietarios en Miami,es,https://brokeandfixed.com/es/blog/diy-painting-vs-hiring-professional-miami,,BlogPosting | BreadcrumbList,3,1,14,3005,title length 89; 1/3 images missing alt,
https://brokeandfixed.com/en/blog/best-time-paint-house-exterior-miami,200,https://brokeandfixed.com/en/blog/best-time-paint-house-exterior-miami,Best Time to Paint Your House Exterior in Miami,"When to paint your house exterior in Miami for the best results. Month-by-month breakdown, weather factors, and how to avoid common scheduling mistakes.",1,Best Time to Paint Your House Exterior in Miami,en,https://brokeandfixed.com/en/blog/best-time-paint-house-exterior-miami,,BlogPosting | BreadcrumbList,3,1,11,2040,1/3 images missing alt,
https://brokeandfixed.com/es/blog/best-time-paint-house-exterior-miami,200,https://brokeandfixed.com/es/blog/best-time-paint-house-exterior-miami,Mejor Epoca para Pintar el Exterior de Tu Casa en Miami,"Cuando pintar el exterior de tu casa en Miami para mejores resultados. Desglose mes a mes, factores climaticos y como evitar errores comunes.",1,Mejor Epoca para Pintar el Exterior de Tu Casa en Miami,es,https://brokeandfixed.com/es/blog/best-time-paint-house-exterior-miami,,BlogPosting | BreadcrumbList,3,1,11,2281,1/3 images missing alt,
https://brokeandfixed.com/en/blog/best-kitchen-flooring-miami-homes,200,https://brokeandfixed.com/en/blog/best-kitchen-flooring-miami-homes,Best Kitchen Flooring for Miami Homes: A Practical Comparison,"Porcelain, ceramic, LVP, natural stone, or terrazzo? A real comparison of kitchen flooring options that work in Miami's humidity and heat.",1,Best Kitchen Flooring for Miami Homes: A Practical Comparison,en,https://brokeandfixed.com/en/blog/best-kitchen-flooring-miami-homes,,BlogPosting | FAQPage | BreadcrumbList,3,1,12,2546,1/3 images missing alt,
https://brokeandfixed.com/es/blog/best-kitchen-flooring-miami-homes,200,https://brokeandfixed.com/es/blog/best-kitchen-flooring-miami-homes,Mejor Piso para Cocinas en Miami: Comparacion Practica,"Porcelana, ceramica, LVP, piedra natural o terrazo? Comparacion real de opciones de piso de cocina que funcionan en la humedad de Miami.",1,Mejor Piso para Cocinas en Miami: Comparacion Practica,es,https://brokeandfixed.com/es/blog/best-kitchen-flooring-miami-homes,,BlogPosting | FAQPage | BreadcrumbList,3,1,12,2786,1/3 images missing alt,
https://brokeandfixed.com/en/blog/best-interior-paint-colors-miami-2026,200,https://brokeandfixed.com/en/blog/best-interior-paint-colors-miami-2026,Best Interior Paint Colors for Miami Homes in 2026,"The most popular interior paint colors for Miami homes in 2026. Room-by-room color picks, what sells homes faster, and colors that work with Miami's natural light.",1,Best Interior Paint Colors for Miami Homes in 2026,en,https://brokeandfixed.com/en/blog/best-interior-paint-colors-miami-2026,,BlogPosting | BreadcrumbList,3,1,11,2662,1/3 images missing alt,
https://brokeandfixed.com/es/blog/best-interior-paint-colors-miami-2026,200,https://brokeandfixed.com/es/blog/best-interior-paint-colors-miami-2026,Mejores Colores de Pintura Interior para Casas en Miami en 2026,"Los colores de pintura interior mas populares para casas en Miami en 2026. Colores por habitacion, colores que venden casas y los que funcionan con la luz natural de Miami.",1,Mejores Colores de Pintura Interior para Casas en Miami en 2026,es,https://brokeandfixed.com/es/blog/best-interior-paint-colors-miami-2026,,BlogPosting | BreadcrumbList,3,1,11,2945,description length 172; 1/3 images missing alt,
https://brokeandfixed.com/en/blog/bathroom-lighting-guide-miami-remodel,200,https://brokeandfixed.com/en/blog/bathroom-lighting-guide-miami-remodel,Bathroom Lighting Guide: Get It Right During Your Remodel,"How to plan bathroom lighting during a remodel. Vanity lights, recessed cans, shower lighting, and mistakes that make bathrooms feel dark and dated.",1,Bathroom Lighting Guide: Get It Right During Your Remodel,en,https://brokeandfixed.com/en/blog/bathroom-lighting-guide-miami-remodel,,BlogPosting | BreadcrumbList,3,1,11,2582,1/3 images missing alt,
https://brokeandfixed.com/es/blog/bathroom-lighting-guide-miami-remodel,200,https://brokeandfixed.com/es/blog/bathroom-lighting-guide-miami-remodel,Guia de Iluminacion de Bano: Hazlo Bien Durante Tu Remodelacion,"Como planificar la iluminacion del bano durante una remodelacion. Luces de tocador, empotrables, iluminacion de ducha y errores comunes.",1,Guia de Iluminacion de Bano: Hazlo Bien Durante Tu Remodelacion,es,https://brokeandfixed.com/es/blog/bathroom-lighting-guide-miami-remodel,,BlogPosting | BreadcrumbList,3,1,11,2826,1/3 images missing alt,
https://brokeandfixed.com/en/blog/miami-hoa-renovation-approval-guide,200,https://brokeandfixed.com/en/blog/miami-hoa-renovation-approval-guide,Miami HOA Renovation Approval: The Complete Homeowner's Guide for 2026,"Real-world guide to getting HOA approval for renovations in Miami-Dade. Florida Chapter 720 rules, ARC timelines, fine limits, hurricane protection exemptions, and what your HOA can actually deny. From a local remodeling team.",1,Miami HOA Renovation Approval: The Complete Homeowner's Guide for 2026,en,https://brokeandfixed.com/en/blog/miami-hoa-renovation-approval-guide,,BlogPosting | FAQPage | BreadcrumbList,3,1,19,3094,title length 70; description length 226; 1/3 images missing alt,
https://brokeandfixed.com/es/blog/miami-hoa-renovation-approval-guide,200,https://brokeandfixed.com/es/blog/miami-hoa-renovation-approval-guide,Aprobacion de Renovacion del HOA en Miami: Guia Completa para Propietarios 2026,"Guia practica para obtener aprobacion del HOA para renovaciones en Miami-Dade. Reglas del Capitulo 720 de Florida, cronograma del ARC, limites de multas, exenciones de proteccion contra huracanes, y lo que tu HOA realmente puede negar.",1,Aprobacion de Renovacion del HOA en Miami: Guia Completa para Propietarios 2026,es,https://brokeandfixed.com/es/blog/miami-hoa-renovation-approval-guide,,BlogPosting | FAQPage | BreadcrumbList,3,1,18,3430,title length 79; description length 235; 1/3 images missing alt,
https://brokeandfixed.com/en/blog/hurricane-impact-windows-miami-hoa-rights,200,https://brokeandfixed.com/en/blog/hurricane-impact-windows-miami-hoa-rights,Hurricane Impact Windows and Your Miami HOA: What the Law Lets You Demand,"Your Miami HOA cannot deny you the right to install hurricane impact windows. Florida law requires them to allow it. Here is what they can specify, what they cannot, and how to get approval fast.",1,Hurricane Impact Windows and Your Miami HOA: What the Law Lets You Demand,en,https://brokeandfixed.com/en/blog/hurricane-impact-windows-miami-hoa-rights,,BlogPosting | BreadcrumbList,3,1,19,1659,title length 73; description length 195; 1/3 images missing alt,
https://brokeandfixed.com/es/blog/hurricane-impact-windows-miami-hoa-rights,200,https://brokeandfixed.com/es/blog/hurricane-impact-windows-miami-hoa-rights,Ventanas de Impacto Contra Huracanes y Tu HOA en Miami: Lo Que la Ley Te Permite Exigir,"Tu HOA en Miami no puede negarte el derecho a instalar ventanas de impacto contra huracanes. La ley de Florida los obliga a permitirlo. Esto es lo que pueden especificar, lo que no pueden, y como obtener aprobacion rapido.",1,Ventanas de Impacto Contra Huracanes y Tu HOA en Miami: Lo Que la Ley Te Permite Exigir,es,https://brokeandfixed.com/es/blog/hurricane-impact-windows-miami-hoa-rights,,BlogPosting | BreadcrumbList,3,1,19,1885,title length 87; description length 222; 1/3 images missing alt,
https://brokeandfixed.com/en/blog/hoa-approval-vs-permit-miami,200,https://brokeandfixed.com/en/blog/hoa-approval-vs-permit-miami,HOA Approval vs. County Permit: What You Actually Need in Miami-Dade,"HOA approval and county permits are two different things. Which renovations in Miami need which, why the difference matters, and how to avoid project delays from skipping either.",1,HOA Approval vs. County Permit: What You Actually Need in Miami-Dade,en,https://brokeandfixed.com/en/blog/hoa-approval-vs-permit-miami,,BlogPosting | FAQPage | BreadcrumbList,3,1,19,2189,title length 68; description length 178; 1/3 images missing alt,
https://brokeandfixed.com/es/blog/hoa-approval-vs-permit-miami,200,https://brokeandfixed.com/es/blog/hoa-approval-vs-permit-miami,Aprobacion del HOA vs. Permiso del Condado: Que Necesitas Realmente en Miami-Dade,"La aprobacion del HOA y los permisos del condado son dos cosas diferentes. Que renovaciones en Miami necesitan cuales, por que importa la diferencia, y como evitar retrasos por saltarse cualquiera.",1,Aprobacion del HOA vs. Permiso del Condado: Que Necesitas Realmente en Miami-Dade,es,https://brokeandfixed.com/es/blog/hoa-approval-vs-permit-miami,,BlogPosting | FAQPage | BreadcrumbList,3,1,19,2452,title length 81; description length 197; 1/3 images missing alt,
https://brokeandfixed.com/en/blog/cabinet-refinishing-miami-cost-2026,200,https://brokeandfixed.com/en/blog/cabinet-refinishing-miami-cost-2026,Cabinet Refinishing in Miami: Real Per-Door Pricing for 2026,"Real cabinet refinishing prices in Miami for 2026. Per-door, per-drawer pricing from a local remodeling team. When refinishing makes sense, when it does not, and how to know if your cabinets are worth saving.",1,Cabinet Refinishing in Miami: Real Per-Door Pricing for 2026,en,https://brokeandfixed.com/en/blog/cabinet-refinishing-miami-cost-2026,,BlogPosting | FAQPage | BreadcrumbList,3,1,17,1952,description length 208; 1/3 images missing alt,
https://brokeandfixed.com/es/blog/cabinet-refinishing-miami-cost-2026,200,https://brokeandfixed.com/es/blog/cabinet-refinishing-miami-cost-2026,Renovacion de Gabinetes en Miami: Precios Reales por Puerta 2026,"Precios reales de renovacion de gabinetes en Miami para 2026. Costos por puerta y por cajon. Cuando renovar tiene sentido y cuando no, de un equipo local de remodelacion.",1,Renovacion de Gabinetes en Miami: Precios Reales por Puerta 2026,es,https://brokeandfixed.com/es/blog/cabinet-refinishing-miami-cost-2026,,BlogPosting | FAQPage | BreadcrumbList,3,1,17,2061,1/3 images missing alt,
https://brokeandfixed.com/en/blog/budget-kitchen-update-miami-under-8000,200,https://brokeandfixed.com/en/blog/budget-kitchen-update-miami-under-8000,"Budget Kitchen Update in Miami: How to Refresh for Under $8,000","How to give your Miami kitchen a real refresh for $4,000 to $8,000 without a full remodel. Cabinet refinishing, new countertop, backsplash, and hardware. Real numbers from a local remodeling team.",1,"Budget Kitchen Update in Miami: How to Refresh for Under $8,000",en,https://brokeandfixed.com/en/blog/budget-kitchen-update-miami-under-8000,,BlogPosting | FAQPage | BreadcrumbList,3,1,22,2305,description length 196; 1/3 images missing alt,
https://brokeandfixed.com/es/blog/budget-kitchen-update-miami-under-8000,200,https://brokeandfixed.com/es/blog/budget-kitchen-update-miami-under-8000,"Renovacion de Cocina con Presupuesto en Miami: Como Refrescar por Menos de $8,000","Como darle a su cocina de Miami una renovacion real por $4,000 a $8,000 sin una remodelacion completa. Renovacion de gabinetes, mostrador nuevo, salpicadero, y hardware. Numeros reales de un equipo local de remodelacion.",1,"Renovacion de Cocina con Presupuesto en Miami: Como Refrescar por Menos de $8,000",es,https://brokeandfixed.com/es/blog/budget-kitchen-update-miami-under-8000,,BlogPosting | FAQPage | BreadcrumbList,3,1,22,2471,title length 81; description length 220; 1/3 images missing alt,
https://brokeandfixed.com/en/blog/walk-in-shower-vs-bathtub-miami,200,https://brokeandfixed.com/en/blog/walk-in-shower-vs-bathtub-miami,Walk-In Shower vs Bathtub: What Miami Homeowners Should Know,"Thinking about ditching the tub for a walk-in shower? Here's what Miami homeowners need to know about the cost, process, and whether it's the right move for your home.",1,Walk-In Shower vs Bathtub: What Miami Homeowners Should Know,en,https://brokeandfixed.com/en/blog/walk-in-shower-vs-bathtub-miami,,BlogPosting | BreadcrumbList,3,1,12,1615,1/3 images missing alt,
https://brokeandfixed.com/es/blog/walk-in-shower-vs-bathtub-miami,200,https://brokeandfixed.com/es/blog/walk-in-shower-vs-bathtub-miami,Ducha Abierta vs Banera: Lo Que Deben Saber los Propietarios de Miami,"Pensando en cambiar la banera por una ducha abierta? Esto es lo que necesitas saber sobre el costo, proceso y si es la mejor opcion para tu hogar.",1,Ducha Abierta vs Banera: Lo Que Deben Saber los Propietarios de Miami,es,https://brokeandfixed.com/es/blog/walk-in-shower-vs-bathtub-miami,,BlogPosting | BreadcrumbList,3,1,12,1700,title length 69; 1/3 images missing alt,
https://brokeandfixed.com/en/blog/small-kitchen-remodel-ideas-miami,200,https://brokeandfixed.com/en/blog/small-kitchen-remodel-ideas-miami,Small Kitchen Remodel Ideas for Miami Homes,"Working with a small kitchen? These practical ideas help you get more counter space, better storage, and a modern look without a major overhaul.",1,Small Kitchen Remodel Ideas for Miami Homes,en,https://brokeandfixed.com/en/blog/small-kitchen-remodel-ideas-miami,,BlogPosting | BreadcrumbList,3,1,11,1478,1/3 images missing alt,
https://brokeandfixed.com/es/blog/small-kitchen-remodel-ideas-miami,200,https://brokeandfixed.com/es/blog/small-kitchen-remodel-ideas-miami,Ideas de Remodelacion de Cocinas Pequenas para Casas de Miami,"Trabajando con una cocina pequena? Estas ideas practicas te ayudan a obtener mas espacio de encimera, mejor almacenamiento y un aspecto moderno.",1,Ideas de Remodelacion de Cocinas Pequenas para Casas de Miami,es,https://brokeandfixed.com/es/blog/small-kitchen-remodel-ideas-miami,,BlogPosting | BreadcrumbList,3,1,11,1644,1/3 images missing alt,
https://brokeandfixed.com/en/blog/small-bathroom-remodel-ideas-miami,200,https://brokeandfixed.com/en/blog/small-bathroom-remodel-ideas-miami,Small Bathroom Remodel Ideas That Work in South Florida Homes,Got a tiny bathroom? These practical remodel ideas help you get the most out of a small space without a huge budget. Real tips from a team that does this in Miami every week.,1,Small Bathroom Remodel Ideas That Work in South Florida Homes,en,https://brokeandfixed.com/en/blog/small-bathroom-remodel-ideas-miami,,BlogPosting | BreadcrumbList,3,1,11,1492,description length 174; 1/3 images missing alt,
https://brokeandfixed.com/es/blog/small-bathroom-remodel-ideas-miami,200,https://brokeandfixed.com/es/blog/small-bathroom-remodel-ideas-miami,Ideas de Remodelacion de Banos Pequenos Que Funcionan en Casas del Sur de Florida,Tienes un bano pequeno? Estas ideas practicas de remodelacion te ayudan a aprovechar al maximo un espacio pequeno sin un presupuesto enorme.,1,Ideas de Remodelacion de Banos Pequenos Que Funcionan en Casas del Sur de Florida,es,https://brokeandfixed.com/es/blog/small-bathroom-remodel-ideas-miami,,BlogPosting | BreadcrumbList,3,1,11,1692,title length 81; 1/3 images missing alt,
https://brokeandfixed.com/en/blog/remodeling-vs-moving-miami,200,https://brokeandfixed.com/en/blog/remodeling-vs-moving-miami,Remodeling vs Moving: What Makes More Sense in Miami's 2026 Market,"With Miami home prices still high, should you remodel or move? We break down the math and help you decide what makes sense for your situation.",1,Remodeling vs Moving: What Makes More Sense in Miami's 2026 Market,en,https://brokeandfixed.com/en/blog/remodeling-vs-moving-miami,,BlogPosting | BreadcrumbList,3,1,11,1976,title length 66; 1/3 images missing alt,
https://brokeandfixed.com/es/blog/remodeling-vs-moving-miami,200,https://brokeandfixed.com/es/blog/remodeling-vs-moving-miami,Remodelar vs Mudarse: Que Tiene Mas Sentido en el Mercado de Miami 2026,"Con los precios de casas en Miami aun altos, deberias remodelar o mudarte? Analizamos los numeros y te ayudamos a decidir.",1,Remodelar vs Mudarse: Que Tiene Mas Sentido en el Mercado de Miami 2026,es,https://brokeandfixed.com/es/blog/remodeling-vs-moving-miami,,BlogPosting | BreadcrumbList,3,1,11,2098,title length 71; 1/3 images missing alt,
https://brokeandfixed.com/en/blog/open-concept-kitchen-remodel-miami,200,https://brokeandfixed.com/en/blog/open-concept-kitchen-remodel-miami,Open Concept Kitchen Remodel: What to Know Before You Knock Down Walls,"Thinking about opening up your kitchen? Here's what's involved, what it costs, and what you need to know about load-bearing walls in Miami homes.",1,Open Concept Kitchen Remodel: What to Know Before You Knock Down Walls,en,https://brokeandfixed.com/en/blog/open-concept-kitchen-remodel-miami,,BlogPosting | BreadcrumbList,3,1,11,1724,title length 70; 1/3 images missing alt,
https://brokeandfixed.com/es/blog/open-concept-kitchen-remodel-miami,200,https://brokeandfixed.com/es/blog/open-concept-kitchen-remodel-miami,Remodelacion de Cocina de Concepto Abierto: Lo Que Debes Saber Antes de Tumbar Paredes,"Pensando en abrir tu cocina? Esto es lo que implica, cuanto cuesta y lo que necesitas saber sobre muros de carga en casas de Miami.",1,Remodelacion de Cocina de Concepto Abierto: Lo Que Debes Saber Antes de Tumbar Paredes,es,https://brokeandfixed.com/es/blog/open-concept-kitchen-remodel-miami,,BlogPosting | BreadcrumbList,3,1,11,1877,title length 86; 1/3 images missing alt,
https://brokeandfixed.com/en/blog/master-bathroom-remodel-planning,200,https://brokeandfixed.com/en/blog/master-bathroom-remodel-planning,"Master Bathroom Remodel: Planning, Costs, and Timeline","Planning a master bathroom remodel? Here's what to budget, how long it takes, and the upgrades that are actually worth the money in Miami-Dade homes.",1,"Master Bathroom Remodel: Planning, Costs, and Timeline",en,https://brokeandfixed.com/en/blog/master-bathroom-remodel-planning,,BlogPosting | BreadcrumbList,3,1,11,1832,1/3 images missing alt,
https://brokeandfixed.com/es/blog/master-bathroom-remodel-planning,200,https://brokeandfixed.com/es/blog/master-bathroom-remodel-planning,"Remodelacion del Bano Principal: Planificacion, Costos y Cronograma","Planificando remodelar el bano principal? Esto es lo que debes presupuestar, cuanto tarda y las mejoras que realmente valen la pena en casas de Miami-Dade.",1,"Remodelacion del Bano Principal: Planificacion, Costos y Cronograma",es,https://brokeandfixed.com/es/blog/master-bathroom-remodel-planning,,BlogPosting | BreadcrumbList,3,1,11,2031,title length 67; 1/3 images missing alt,
https://brokeandfixed.com/en/blog/kitchen-remodel-timeline,200,https://brokeandfixed.com/en/blog/kitchen-remodel-timeline,How Long Does a Kitchen Remodel Take? Realistic Timeline,Kitchen remodels don't happen overnight. Here's a realistic week-by-week timeline so you know what to expect and can plan around it.,1,How Long Does a Kitchen Remodel Take? Realistic Timeline,en,https://brokeandfixed.com/en/blog/kitchen-remodel-timeline,,BlogPosting | BreadcrumbList,3,1,11,1840,1/3 images missing alt,
https://brokeandfixed.com/es/blog/kitchen-remodel-timeline,200,https://brokeandfixed.com/es/blog/kitchen-remodel-timeline,Cuanto Tiempo Toma una Remodelacion de Cocina? Cronograma Realista,Las remodelaciones de cocina no suceden de la noche a la manana. Aqui hay un cronograma realista semana por semana para que sepas que esperar.,1,Cuanto Tiempo Toma una Remodelacion de Cocina? Cronograma Realista,es,https://brokeandfixed.com/es/blog/kitchen-remodel-timeline,,BlogPosting | BreadcrumbList,3,1,11,2029,title length 66; 1/3 images missing alt,
https://brokeandfixed.com/en/blog/kitchen-remodel-roi-miami,200,https://brokeandfixed.com/en/blog/kitchen-remodel-roi-miami,Kitchen Remodel ROI: Does It Increase Your Miami Home Value?,Is a kitchen remodel worth the investment? We look at the real ROI data for South Florida and what upgrades add the most value to your Miami home.,1,Kitchen Remodel ROI: Does It Increase Your Miami Home Value?,en,https://brokeandfixed.com/en/blog/kitchen-remodel-roi-miami,,BlogPosting | BreadcrumbList,3,1,12,1645,1/3 images missing alt,
https://brokeandfixed.com/es/blog/kitchen-remodel-roi-miami,200,https://brokeandfixed.com/es/blog/kitchen-remodel-roi-miami,ROI de Remodelacion de Cocina: Aumenta el Valor de Tu Casa en Miami?,Vale la pena la inversion de remodelar la cocina? Analizamos los datos reales de ROI para el sur de Florida y que mejoras agregan mas valor.,1,ROI de Remodelacion de Cocina: Aumenta el Valor de Tu Casa en Miami?,es,https://brokeandfixed.com/es/blog/kitchen-remodel-roi-miami,,BlogPosting | BreadcrumbList,3,1,12,1795,title length 68; 1/3 images missing alt,
https://brokeandfixed.com/en/blog/kitchen-remodel-cost-miami-2026,200,https://brokeandfixed.com/en/blog/kitchen-remodel-cost-miami-2026,Kitchen Remodel Cost in Miami: 2026 Price Guide,How much does a kitchen remodel cost in Miami in 2026? We break down realistic prices by project type so you can budget with confidence.,1,Kitchen Remodel Cost in Miami: 2026 Price Guide,en,https://brokeandfixed.com/en/blog/kitchen-remodel-cost-miami-2026,,BlogPosting | BreadcrumbList,3,1,12,1835,1/3 images missing alt,
https://brokeandfixed.com/es/blog/kitchen-remodel-cost-miami-2026,200,https://brokeandfixed.com/es/blog/kitchen-remodel-cost-miami-2026,Costo de Remodelacion de Cocina en Miami: Guia de Precios 2026,Cuanto cuesta remodelar una cocina en Miami en 2026? Desglosamos precios realistas por tipo de proyecto para que presupuestes con confianza.,1,Costo de Remodelacion de Cocina en Miami: Guia de Precios 2026,es,https://brokeandfixed.com/es/blog/kitchen-remodel-cost-miami-2026,,BlogPosting | BreadcrumbList,3,1,12,1999,1/3 images missing alt,
https://brokeandfixed.com/en/blog/kitchen-cabinet-refacing-vs-replacement,200,https://brokeandfixed.com/en/blog/kitchen-cabinet-refacing-vs-replacement,Kitchen Cabinet Refacing vs Replacement: What Makes Sense,"Should you reface your kitchen cabinets or replace them? We break down the costs, timeline, and when each option makes sense for Miami homeowners.",1,Kitchen Cabinet Refacing vs Replacement: What Makes Sense,en,https://brokeandfixed.com/en/blog/kitchen-cabinet-refacing-vs-replacement,,BlogPosting | BreadcrumbList,3,1,11,1564,1/3 images missing alt,
https://brokeandfixed.com/es/blog/kitchen-cabinet-refacing-vs-replacement,200,https://brokeandfixed.com/es/blog/kitchen-cabinet-refacing-vs-replacement,Revestimiento vs Reemplazo de Gabinetes de Cocina: Que Tiene Sentido,"Deberias revestir o reemplazar tus gabinetes de cocina? Desglosamos los costos, tiempos y cuando cada opcion tiene sentido para los propietarios de Miami.",1,Revestimiento vs Reemplazo de Gabinetes de Cocina: Que Tiene Sentido,es,https://brokeandfixed.com/es/blog/kitchen-cabinet-refacing-vs-replacement,,BlogPosting | BreadcrumbList,3,1,11,1682,title length 68; 1/3 images missing alt,
https://brokeandfixed.com/en/blog/kitchen-cabinet-painting-guide,200,https://brokeandfixed.com/en/blog/kitchen-cabinet-painting-guide,Kitchen Cabinet Painting: How to Update Your Cabinets Without Replacing Them,New cabinets cost a fortune. Painting your existing cabinets can transform your kitchen for a fraction of the price. Here's how we do it and what it costs in Miami.,1,Kitchen Cabinet Painting: How to Update Your Cabinets Without Replacing Them,en,https://brokeandfixed.com/en/blog/kitchen-cabinet-painting-guide,,BlogPosting | BreadcrumbList,3,1,14,2234,title length 76; 1/3 images missing alt,
https://brokeandfixed.com/es/blog/kitchen-cabinet-painting-guide,200,https://brokeandfixed.com/es/blog/kitchen-cabinet-painting-guide,Pintura de Gabinetes de Cocina: Como Actualizar Tus Gabinetes Sin Reemplazarlos,Los gabinetes nuevos cuestan una fortuna. Pintar tus gabinetes existentes puede transformar tu cocina por una fraccion del precio. Asi es como lo hacemos y cuanto cuesta en Miami.,1,Pintura de Gabinetes de Cocina: Como Actualizar Tus Gabinetes Sin Reemplazarlos,es,https://brokeandfixed.com/es/blog/kitchen-cabinet-painting-guide,,BlogPosting | BreadcrumbList,3,1,14,2447,title length 79; description length 179; 1/3 images missing alt,
https://brokeandfixed.com/en/blog/kitchen-backsplash-ideas-miami,200,https://brokeandfixed.com/en/blog/kitchen-backsplash-ideas-miami,"Kitchen Backsplash Ideas: Tile, Stone, and Budget Options",The right backsplash ties your whole kitchen together. Here are the options that work best in Miami and what each one costs.,1,"Kitchen Backsplash Ideas: Tile, Stone, and Budget Options",en,https://brokeandfixed.com/en/blog/kitchen-backsplash-ideas-miami,,BlogPosting | BreadcrumbList,3,1,11,1706,1/3 images missing alt,
https://brokeandfixed.com/es/blog/kitchen-backsplash-ideas-miami,200,https://brokeandfixed.com/es/blog/kitchen-backsplash-ideas-miami,"Ideas de Salpicadero de Cocina: Azulejo, Piedra y Opciones Economicas",El salpicadero correcto une toda tu cocina. Estas son las opciones que mejor funcionan en Miami y cuanto cuesta cada una.,1,"Ideas de Salpicadero de Cocina: Azulejo, Piedra y Opciones Economicas",es,https://brokeandfixed.com/es/blog/kitchen-backsplash-ideas-miami,,BlogPosting | BreadcrumbList,3,1,11,1845,title length 69; 1/3 images missing alt,
https://brokeandfixed.com/en/blog/hurricane-season-home-upgrades,200,https://brokeandfixed.com/en/blog/hurricane-season-home-upgrades,Hurricane Season Home Prep: Upgrades That Protect and Add Value,Hurricane season runs June through November. These home upgrades protect your property and increase your home value at the same time.,1,Hurricane Season Home Prep: Upgrades That Protect and Add Value,en,https://brokeandfixed.com/en/blog/hurricane-season-home-upgrades,,BlogPosting | BreadcrumbList,3,1,14,1853,1/3 images missing alt,
https://brokeandfixed.com/es/blog/hurricane-season-home-upgrades,200,https://brokeandfixed.com/es/blog/hurricane-season-home-upgrades,Preparacion del Hogar para Temporada de Huracanes: Mejoras Que Protegen y Agregan Valor,La temporada de huracanes va de junio a noviembre. Estas mejoras protegen tu propiedad y aumentan el valor de tu hogar al mismo tiempo.,1,Preparacion del Hogar para Temporada de Huracanes: Mejoras Que Protegen y Agregan Valor,es,https://brokeandfixed.com/es/blog/hurricane-season-home-upgrades,,BlogPosting | BreadcrumbList,3,1,14,2129,title length 87; 1/3 images missing alt,
https://brokeandfixed.com/en/blog/home-remodel-financing-miami,200,https://brokeandfixed.com/en/blog/home-remodel-financing-miami,Home Remodeling Financing Options in Miami-Dade,Not everyone has cash on hand for a remodel. Here are the most common financing options Miami homeowners use and what to watch out for.,1,Home Remodeling Financing Options in Miami-Dade,en,https://brokeandfixed.com/en/blog/home-remodel-financing-miami,,BlogPosting | BreadcrumbList,3,1,11,1647,1/3 images missing alt,
https://brokeandfixed.com/es/blog/home-remodel-financing-miami,200,https://brokeandfixed.com/es/blog/home-remodel-financing-miami,Opciones de Financiamiento para Remodelacion del Hogar en Miami-Dade,No todos tienen efectivo disponible para una remodelacion. Estas son las opciones de financiamiento mas comunes que usan los propietarios de Miami.,1,Opciones de Financiamiento para Remodelacion del Hogar en Miami-Dade,es,https://brokeandfixed.com/es/blog/home-remodel-financing-miami,,BlogPosting | BreadcrumbList,3,1,11,1777,title length 68; 1/3 images missing alt,
https://brokeandfixed.com/en/blog/hoa-remodeling-rules-miami,200,https://brokeandfixed.com/en/blog/hoa-remodeling-rules-miami,HOA Remodeling Rules in Miami-Dade: What Homeowners Need to Know,"Before you start any remodel in an HOA community, read this. We've dealt with dozens of Miami-Dade HOAs and know what they look for.",1,HOA Remodeling Rules in Miami-Dade: What Homeowners Need to Know,en,https://brokeandfixed.com/en/blog/hoa-remodeling-rules-miami,,BlogPosting | BreadcrumbList,3,1,10,1896,1/3 images missing alt,
https://brokeandfixed.com/es/blog/hoa-remodeling-rules-miami,200,https://brokeandfixed.com/es/blog/hoa-remodeling-rules-miami,Reglas de HOA para Remodelacion en Miami-Dade: Lo Que los Propietarios Necesitan Saber,"Antes de comenzar cualquier remodelacion en una comunidad HOA, lee esto. Hemos trabajado con docenas de HOAs en Miami-Dade y sabemos lo que buscan.",1,Reglas de HOA para Remodelacion en Miami-Dade: Lo Que los Propietarios Necesitan Saber,es,https://brokeandfixed.com/es/blog/hoa-remodeling-rules-miami,,BlogPosting | BreadcrumbList,3,1,10,2096,title length 86; 1/3 images missing alt,
https://brokeandfixed.com/en/blog/complete-guide-kitchen-remodeling-miami,200,https://brokeandfixed.com/en/blog/complete-guide-kitchen-remodeling-miami,The Complete Guide to Kitchen Remodeling in Miami-Dade,"Everything Miami homeowners need to know about kitchen remodeling. Costs, cabinet options, countertops, timelines, and smart upgrades. From a team that remodels kitchens across Miami-Dade every week.",1,The Complete Guide to Kitchen Remodeling in Miami-Dade,en,https://brokeandfixed.com/en/blog/complete-guide-kitchen-remodeling-miami,,BlogPosting | BreadcrumbList,3,1,15,3805,description length 199; 1/3 images missing alt,
https://brokeandfixed.com/es/blog/complete-guide-kitchen-remodeling-miami,200,https://brokeandfixed.com/es/blog/complete-guide-kitchen-remodeling-miami,Guia Completa de Remodelacion de Cocinas en Miami-Dade,"Todo lo que los propietarios de Miami necesitan saber sobre la remodelacion de cocinas. Costos, gabinetes, encimeras, tiempos y mejoras inteligentes.",1,Guia Completa de Remodelacion de Cocinas en Miami-Dade,es,https://brokeandfixed.com/es/blog/complete-guide-kitchen-remodeling-miami,,BlogPosting | BreadcrumbList,3,1,15,4349,1/3 images missing alt,
https://brokeandfixed.com/en/blog/complete-guide-bathroom-remodeling-miami,200,https://brokeandfixed.com/en/blog/complete-guide-bathroom-remodeling-miami,The Complete Guide to Bathroom Remodeling in Miami-Dade,"Everything you need to know about bathroom remodeling in Miami-Dade. Costs, timelines, design ideas, material choices, and what makes Miami bathrooms different. From a team that does this every day.",1,The Complete Guide to Bathroom Remodeling in Miami-Dade,en,https://brokeandfixed.com/en/blog/complete-guide-bathroom-remodeling-miami,,BlogPosting | BreadcrumbList,3,1,15,3583,description length 198; 1/3 images missing alt,
https://brokeandfixed.com/es/blog/complete-guide-bathroom-remodeling-miami,200,https://brokeandfixed.com/es/blog/complete-guide-bathroom-remodeling-miami,Guia Completa de Remodelacion de Banos en Miami-Dade,"Todo lo que necesitas saber sobre la remodelacion de banos en Miami-Dade. Costos, tiempos, ideas de diseno, materiales y lo que hace diferente a los banos de Miami.",1,Guia Completa de Remodelacion de Banos en Miami-Dade,es,https://brokeandfixed.com/es/blog/complete-guide-bathroom-remodeling-miami,,BlogPosting | BreadcrumbList,3,1,15,3839,1/3 images missing alt,
https://brokeandfixed.com/en/blog/best-countertops-miami-kitchens,200,https://brokeandfixed.com/en/blog/best-countertops-miami-kitchens,"Best Countertop Materials for Miami Kitchens: Quartz, Granite, Marble","Quartz, granite, or marble? Here's what works best in Miami kitchens, how much each costs, and which ones hold up against humidity and heat.",1,"Best Countertop Materials for Miami Kitchens: Quartz, Granite, Marble",en,https://brokeandfixed.com/en/blog/best-countertops-miami-kitchens,,BlogPosting | BreadcrumbList,3,1,11,1676,title length 69; 1/3 images missing alt,
https://brokeandfixed.com/es/blog/best-countertops-miami-kitchens,200,https://brokeandfixed.com/es/blog/best-countertops-miami-kitchens,"Mejores Materiales de Encimera para Cocinas de Miami: Cuarzo, Granito, Marmol","Cuarzo, granito o marmol? Esto es lo que funciona mejor en cocinas de Miami, cuanto cuesta cada uno y cuales resisten la humedad y el calor.",1,"Mejores Materiales de Encimera para Cocinas de Miami: Cuarzo, Granito, Marmol",es,https://brokeandfixed.com/es/blog/best-countertops-miami-kitchens,,BlogPosting | BreadcrumbList,3,1,11,1837,title length 77; 1/3 images missing alt,
https://brokeandfixed.com/en/blog/before-after-kitchen-remodels-miami,200,https://brokeandfixed.com/en/blog/before-after-kitchen-remodels-miami,Before and After: Real Kitchen Remodels in Doral and Coral Gables,"Real kitchen remodels from Doral and Coral Gables. See the transformations, what was involved, and realistic costs for Miami-Dade kitchens.",1,Before and After: Real Kitchen Remodels in Doral and Coral Gables,en,https://brokeandfixed.com/en/blog/before-after-kitchen-remodels-miami,,BlogPosting | BreadcrumbList,3,1,13,1697,1/3 images missing alt,
https://brokeandfixed.com/es/blog/before-after-kitchen-remodels-miami,200,https://brokeandfixed.com/es/blog/before-after-kitchen-remodels-miami,Antes y Despues: Remodelaciones de Cocinas Reales en Doral y Coral Gables,"Remodelaciones de cocinas reales de Doral y Coral Gables. Ve las transformaciones, lo que se hizo y costos realistas para cocinas de Miami-Dade.",1,Antes y Despues: Remodelaciones de Cocinas Reales en Doral y Coral Gables,es,https://brokeandfixed.com/es/blog/before-after-kitchen-remodels-miami,,BlogPosting | BreadcrumbList,3,1,13,1862,title length 73; 1/3 images missing alt,
https://brokeandfixed.com/en/blog/before-after-bathroom-remodels-miami,200,https://brokeandfixed.com/en/blog/before-after-bathroom-remodels-miami,Before and After: Real Bathroom Remodels in Kendall and Palmetto Bay,See what a bathroom remodel actually looks like in Miami-Dade homes. Real projects from Kendall and Palmetto Bay with details on what we did and what it cost.,1,Before and After: Real Bathroom Remodels in Kendall and Palmetto Bay,en,https://brokeandfixed.com/en/blog/before-after-bathroom-remodels-miami,,BlogPosting | BreadcrumbList,3,1,11,1515,title length 68; 1/3 images missing alt,
https://brokeandfixed.com/es/blog/before-after-bathroom-remodels-miami,200,https://brokeandfixed.com/es/blog/before-after-bathroom-remodels-miami,Antes y Despues: Remodelaciones de Banos Reales en Kendall y Palmetto Bay,Mira como se ve realmente una remodelacion de bano en casas de Miami-Dade. Proyectos reales de Kendall y Palmetto Bay con detalles de lo que hicimos y cuanto costo.,1,Antes y Despues: Remodelaciones de Banos Reales en Kendall y Palmetto Bay,es,https://brokeandfixed.com/es/blog/before-after-bathroom-remodels-miami,,BlogPosting | BreadcrumbList,3,1,11,1638,title length 73; 1/3 images missing alt,
https://brokeandfixed.com/en/blog/bathroom-waterproofing-miami,200,https://brokeandfixed.com/en/blog/bathroom-waterproofing-miami,Bathroom Waterproofing in Miami: Why It Matters More Here,Miami's humidity makes proper waterproofing critical in any bathroom remodel. Here's how we do it and why cutting corners leads to mold and damage.,1,Bathroom Waterproofing in Miami: Why It Matters More Here,en,https://brokeandfixed.com/en/blog/bathroom-waterproofing-miami,,BlogPosting | BreadcrumbList,3,1,11,1763,1/3 images missing alt,
https://brokeandfixed.com/es/blog/bathroom-waterproofing-miami,200,https://brokeandfixed.com/es/blog/bathroom-waterproofing-miami,Impermeabilizacion de Banos en Miami: Por Que Importa Mas Aqui,La humedad de Miami hace que la impermeabilizacion sea critica en cualquier remodelacion de bano. Asi es como lo hacemos y por que tomar atajos lleva a moho y danos.,1,Impermeabilizacion de Banos en Miami: Por Que Importa Mas Aqui,es,https://brokeandfixed.com/es/blog/bathroom-waterproofing-miami,,BlogPosting | BreadcrumbList,3,1,11,1878,1/3 images missing alt,
https://brokeandfixed.com/en/blog/bathroom-vanity-guide,200,https://brokeandfixed.com/en/blog/bathroom-vanity-guide,"How to Choose a Bathroom Vanity: Materials, Sizes, and Styles","Picking the right vanity can make or break a bathroom. Here's how to choose the right size, material, and style for your Miami home.",1,"How to Choose a Bathroom Vanity: Materials, Sizes, and Styles",en,https://brokeandfixed.com/en/blog/bathroom-vanity-guide,,BlogPosting | BreadcrumbList,3,1,10,1723,1/3 images missing alt,
https://brokeandfixed.com/es/blog/bathroom-vanity-guide,200,https://brokeandfixed.com/es/blog/bathroom-vanity-guide,"Como Elegir una Vanidad de Bano: Materiales, Tamanos y Estilos","Elegir la vanidad correcta puede definir tu bano. Asi es como elegir el tamano, material y estilo correcto para tu hogar en Miami.",1,"Como Elegir una Vanidad de Bano: Materiales, Tamanos y Estilos",es,https://brokeandfixed.com/es/blog/bathroom-vanity-guide,,BlogPosting | BreadcrumbList,3,1,10,1866,1/3 images missing alt,
https://brokeandfixed.com/en/blog/bathroom-tile-trends-2026-miami,200,https://brokeandfixed.com/en/blog/bathroom-tile-trends-2026-miami,Bathroom Tile Trends for 2026: What Works in Miami's Climate,Not all tile trends work in Miami. Here's what's popular in 2026 and what actually holds up against South Florida's humidity and heat.,1,Bathroom Tile Trends for 2026: What Works in Miami's Climate,en,https://brokeandfixed.com/en/blog/bathroom-tile-trends-2026-miami,,BlogPosting | BreadcrumbList,3,1,11,1821,1/3 images missing alt,
https://brokeandfixed.com/es/blog/bathroom-tile-trends-2026-miami,200,https://brokeandfixed.com/es/blog/bathroom-tile-trends-2026-miami,Tendencias de Azulejo para Banos 2026: Lo Que Funciona en el Clima de Miami,No todas las tendencias de azulejo funcionan en Miami. Esto es lo popular en 2026 y lo que realmente resiste la humedad y el calor del sur de Florida.,1,Tendencias de Azulejo para Banos 2026: Lo Que Funciona en el Clima de Miami,es,https://brokeandfixed.com/es/blog/bathroom-tile-trends-2026-miami,,BlogPosting | BreadcrumbList,3,1,11,2069,title length 75; 1/3 images missing alt,
https://brokeandfixed.com/en/blog/accessible-bathroom-design-miami,200,https://brokeandfixed.com/en/blog/accessible-bathroom-design-miami,Accessible Bathroom Design: Aging in Place in Miami-Dade,"Planning a bathroom for accessibility? Curbless showers, grab bars, comfort-height toilets, and wider doorways. How to make it work without looking like a hospital.",1,Accessible Bathroom Design: Aging in Place in Miami-Dade,en,https://brokeandfixed.com/en/blog/accessible-bathroom-design-miami,,BlogPosting | BreadcrumbList,3,1,11,1760,1/3 images missing alt,
https://brokeandfixed.com/es/blog/accessible-bathroom-design-miami,200,https://brokeandfixed.com/es/blog/accessible-bathroom-design-miami,Diseno de Bano Accesible: Envejecer en Casa en Miami-Dade,"Planificando un bano accesible? Duchas sin bordes, barras de apoyo, inodoros de altura comoda y puertas mas anchas. Como hacerlo sin que parezca un hospital.",1,Diseno de Bano Accesible: Envejecer en Casa en Miami-Dade,es,https://brokeandfixed.com/es/blog/accessible-bathroom-design-miami,,BlogPosting | BreadcrumbList,3,1,11,1968,1/3 images missing alt,
https://brokeandfixed.com/en/blog/2026-home-remodeling-trends,200,https://brokeandfixed.com/en/blog/2026-home-remodeling-trends,2026 Home Remodeling Trends in South Florida,"What's trending in South Florida home remodeling for 2026? Cabinet painting, walk-in showers, large-format tile, and more. Here's what we're seeing on the ground.",1,2026 Home Remodeling Trends in South Florida,en,https://brokeandfixed.com/en/blog/2026-home-remodeling-trends,,BlogPosting | BreadcrumbList,3,1,14,1764,1/3 images missing alt,
https://brokeandfixed.com/es/blog/2026-home-remodeling-trends,200,https://brokeandfixed.com/es/blog/2026-home-remodeling-trends,Tendencias de Remodelacion del Hogar 2026 en el Sur de Florida,"Que esta de moda en remodelacion del hogar en el sur de Florida para 2026? Pintura de gabinetes, duchas abiertas, azulejo de gran formato y mas.",1,Tendencias de Remodelacion del Hogar 2026 en el Sur de Florida,es,https://brokeandfixed.com/es/blog/2026-home-remodeling-trends,,BlogPosting | BreadcrumbList,3,1,14,1992,1/3 images missing alt,
https://brokeandfixed.com/en/blog/best-tile-miami-bathrooms-porcelain-ceramic-stone,200,https://brokeandfixed.com/en/blog/best-tile-miami-bathrooms-porcelain-ceramic-stone,Best Tile for Miami Bathrooms: Porcelain vs Ceramic vs Natural Stone,"Choosing bathroom tile in Miami means dealing with humidity, heat, and salt air. Here's how porcelain, ceramic, and natural stone compare for South Florida bathrooms.",1,Best Tile for Miami Bathrooms: Porcelain vs Ceramic vs Natural Stone,en,https://brokeandfixed.com/en/blog/best-tile-miami-bathrooms-porcelain-ceramic-stone,,BlogPosting | BreadcrumbList,3,1,18,2161,title length 68; 1/3 images missing alt,
https://brokeandfixed.com/es/blog/best-tile-miami-bathrooms-porcelain-ceramic-stone,200,https://brokeandfixed.com/es/blog/best-tile-miami-bathrooms-porcelain-ceramic-stone,Mejor Azulejo para Banos en Miami: Porcelana vs Ceramica vs Piedra Natural,"Elegir azulejo para banos en Miami significa lidiar con humedad, calor y aire salado. Asi se comparan la porcelana, ceramica y piedra natural para banos del Sur de Florida.",1,Mejor Azulejo para Banos en Miami: Porcelana vs Ceramica vs Piedra Natural,es,https://brokeandfixed.com/es/blog/best-tile-miami-bathrooms-porcelain-ceramic-stone,,BlogPosting | BreadcrumbList,3,1,16,1902,title length 74; description length 172; 1/3 images missing alt,
https://brokeandfixed.com/en/blog/bathroom-remodeling-cost-miami-2026,200,https://brokeandfixed.com/en/blog/bathroom-remodeling-cost-miami-2026,How Much Does Bathroom Remodeling Cost in Miami? (2026 Pricing),"Real bathroom remodeling costs in Miami-Dade for 2026. Price breakdowns by project size, materials, and scope. From a local remodeling team with actual project data.",1,How Much Does Bathroom Remodeling Cost in Miami? (2026 Pricing),en,https://brokeandfixed.com/en/blog/bathroom-remodeling-cost-miami-2026,,BlogPosting | BreadcrumbList,3,1,12,1621,1/3 images missing alt,
https://brokeandfixed.com/es/blog/bathroom-remodeling-cost-miami-2026,200,https://brokeandfixed.com/es/blog/bathroom-remodeling-cost-miami-2026,Cuanto Cuesta Remodelar un Bano en Miami? (Precios 2026),"Costos reales de remodelacion de banos en Miami-Dade para 2026. Desglose de precios por tamano de proyecto, materiales y alcance.",1,Cuanto Cuesta Remodelar un Bano en Miami? (Precios 2026),es,https://brokeandfixed.com/es/blog/bathroom-remodeling-cost-miami-2026,,BlogPosting | BreadcrumbList,3,1,12,1457,1/3 images missing alt,
https://brokeandfixed.com/en/hoa-renovation-guide,200,https://brokeandfixed.com/en/hoa-renovation-guide,Miami-Dade HOA Renovation Guide | By Community,"Community-by-community guide to getting HOA approval for renovations in Doral, The Hammocks, Coral Gables, and more Miami-Dade areas. Real timelines and approval patterns from a local remodeling team.",1,Miami-Dade HOA Renovation Guide,en,https://brokeandfixed.com/en/hoa-renovation-guide,,BreadcrumbList,1,1,17,647,description length 200; 1/1 images missing alt,
https://brokeandfixed.com/es/hoa-renovation-guide,200,https://brokeandfixed.com/es/hoa-renovation-guide,Guia de Renovacion del HOA en Miami-Dade | Por Comunidad,"Guia comunidad por comunidad para obtener aprobacion del HOA para renovaciones en Doral, The Hammocks, Coral Gables, y mas areas de Miami-Dade. Cronogramas reales y patrones de aprobacion de un equipo local de remodelacion.",1,Guia de Renovacion del HOA en Miami-Dade,es,https://brokeandfixed.com/es/hoa-renovation-guide,,BreadcrumbList,1,1,17,742,description length 223; 1/1 images missing alt,
https://brokeandfixed.com/en/hoa-renovation-guide/doral,200,https://brokeandfixed.com/en/hoa-renovation-guide/doral,HOA Renovation Approval in Doral | 2026 Guide,Doral is one of the most HOA-heavy areas in Miami-Dade. Most homes here are in master-planned communities built after 2000 with active architectural review comm,1,HOA Approval in Doral,en,https://brokeandfixed.com/en/hoa-renovation-guide/doral,,FAQPage | Article | BreadcrumbList,2,1,16,715,1/2 images missing alt,
https://brokeandfixed.com/es/hoa-renovation-guide/doral,200,https://brokeandfixed.com/es/hoa-renovation-guide/doral,Aprobacion del HOA para Renovaciones en Doral | Guia 2026,Doral es una de las areas con mas HOA en Miami-Dade. La mayoria de las casas aqui estan en comunidades planificadas construidas despues del 2000 con comites act,1,Aprobacion del HOA en Doral,es,https://brokeandfixed.com/es/hoa-renovation-guide/doral,,FAQPage | Article | BreadcrumbList,2,1,16,815,1/2 images missing alt,
https://brokeandfixed.com/en/hoa-renovation-guide/the-hammocks,200,https://brokeandfixed.com/en/hoa-renovation-guide/the-hammocks,HOA Renovation Approval in The Hammocks | 2026 Guide,The Hammocks is a master-planned community in West Kendall built primarily in the 1980s and 1990s. The community has a master HOA plus multiple sub-association,1,HOA Approval in The Hammocks,en,https://brokeandfixed.com/en/hoa-renovation-guide/the-hammocks,,FAQPage | Article | BreadcrumbList,2,1,16,707,1/2 images missing alt,
https://brokeandfixed.com/es/hoa-renovation-guide/the-hammocks,200,https://brokeandfixed.com/es/hoa-renovation-guide/the-hammocks,Aprobacion del HOA para Renovaciones en The Hammocks | Guia 2026,The Hammocks es una comunidad planificada en West Kendall construida principalmente en los anos 80 y 90. La comunidad tiene un HOA maestro mas multiples sub-aso,1,Aprobacion del HOA en The Hammocks,es,https://brokeandfixed.com/es/hoa-renovation-guide/the-hammocks,,FAQPage | Article | BreadcrumbList,2,1,16,792,1/2 images missing alt,
https://brokeandfixed.com/en/hoa-renovation-guide/west-kendall,200,https://brokeandfixed.com/en/hoa-renovation-guide/west-kendall,HOA Renovation Approval in West Kendall | 2026 Guide,West Kendall grew during the 1990s and 2000s building boom. Most homes here are in planned communities with active HOAs and well-defined architectural guideline,1,HOA Approval in West Kendall,en,https://brokeandfixed.com/en/hoa-renovation-guide/west-kendall,,FAQPage | Article | BreadcrumbList,2,1,16,651,1/2 images missing alt,
https://brokeandfixed.com/es/hoa-renovation-guide/west-kendall,200,https://brokeandfixed.com/es/hoa-renovation-guide/west-kendall,Aprobacion del HOA para Renovaciones en West Kendall | Guia 2026,West Kendall crecio durante el auge de construccion de los 90 y 2000. La mayoria de las casas aqui estan en comunidades planificadas con HOAs activos y guias ar,1,Aprobacion del HOA en West Kendall,es,https://brokeandfixed.com/es/hoa-renovation-guide/west-kendall,,FAQPage | Article | BreadcrumbList,2,1,16,744,1/2 images missing alt,
https://brokeandfixed.com/en/hoa-renovation-guide/the-crossings,200,https://brokeandfixed.com/en/hoa-renovation-guide/the-crossings,HOA Renovation Approval in The Crossings | 2026 Guide,The Crossings is one of the more remodel-friendly HOA communities in West Kendall. Homes here mostly date from the 1980s and have plenty of original features ho,1,HOA Approval in The Crossings,en,https://brokeandfixed.com/en/hoa-renovation-guide/the-crossings,,FAQPage | Article | BreadcrumbList,2,1,16,533,1/2 images missing alt,
https://brokeandfixed.com/es/hoa-renovation-guide/the-crossings,200,https://brokeandfixed.com/es/hoa-renovation-guide/the-crossings,Aprobacion del HOA para Renovaciones en The Crossings | Guia 2026,The Crossings es una de las comunidades con HOA mas amigables para renovaciones en West Kendall. Las casas aqui mayormente datan de los anos 80 y tienen muchas,1,Aprobacion del HOA en The Crossings,es,https://brokeandfixed.com/es/hoa-renovation-guide/the-crossings,,FAQPage | Article | BreadcrumbList,2,1,16,591,1/2 images missing alt,
https://brokeandfixed.com/en/hoa-renovation-guide/country-walk,200,https://brokeandfixed.com/en/hoa-renovation-guide/country-walk,HOA Renovation Approval in Country Walk | 2026 Guide,Country Walk is a family-oriented HOA community in West Kendall with homes from the late 1980s and 1990s. The HOA tends to be homeowner-friendly with reasonable,1,HOA Approval in Country Walk,en,https://brokeandfixed.com/en/hoa-renovation-guide/country-walk,,FAQPage | Article | BreadcrumbList,2,1,16,501,1/2 images missing alt,
https://brokeandfixed.com/es/hoa-renovation-guide/country-walk,200,https://brokeandfixed.com/es/hoa-renovation-guide/country-walk,Aprobacion del HOA para Renovaciones en Country Walk | Guia 2026,Country Walk es una comunidad familiar con HOA en West Kendall con casas de finales de los 80 y 90. El HOA tiende a ser amigable con los propietarios con estand,1,Aprobacion del HOA en Country Walk,es,https://brokeandfixed.com/es/hoa-renovation-guide/country-walk,,FAQPage | Article | BreadcrumbList,2,1,16,557,1/2 images missing alt,
https://brokeandfixed.com/en/hoa-renovation-guide/coral-gables,200,https://brokeandfixed.com/en/hoa-renovation-guide/coral-gables,HOA Renovation Approval in Coral Gables | 2026 Guide,Coral Gables is different from every other community in Miami-Dade because the city itself has a Board of Architects that reviews exterior changes. Some Coral G,1,HOA Approval in Coral Gables,en,https://brokeandfixed.com/en/hoa-renovation-guide/coral-gables,,FAQPage | Article | BreadcrumbList,2,1,16,800,1/2 images missing alt,
https://brokeandfixed.com/es/hoa-renovation-guide/coral-gables,200,https://brokeandfixed.com/es/hoa-renovation-guide/coral-gables,Aprobacion del HOA para Renovaciones en Coral Gables | Guia 2026,Coral Gables es diferente de cada otra comunidad en Miami-Dade porque la ciudad misma tiene una Junta de Arquitectos que revisa cambios exteriores. Algunas casa,1,Aprobacion del HOA en Coral Gables,es,https://brokeandfixed.com/es/hoa-renovation-guide/coral-gables,,FAQPage | Article | BreadcrumbList,2,1,16,899,1/2 images missing alt,
https://brokeandfixed.com/en/hoa-renovation-guide/cutler-bay,200,https://brokeandfixed.com/en/hoa-renovation-guide/cutler-bay,HOA Renovation Approval in Cutler Bay | 2026 Guide,Cutler Bay has grown rapidly in the past 20 years with newer master-planned communities mixed with older single-family neighborhoods. HOA presence varies dramat,1,HOA Approval in Cutler Bay,en,https://brokeandfixed.com/en/hoa-renovation-guide/cutler-bay,,FAQPage | Article | BreadcrumbList,2,1,16,566,1/2 images missing alt,
https://brokeandfixed.com/es/hoa-renovation-guide/cutler-bay,200,https://brokeandfixed.com/es/hoa-renovation-guide/cutler-bay,Aprobacion del HOA para Renovaciones en Cutler Bay | Guia 2026,Cutler Bay ha crecido rapidamente en los ultimos 20 anos con comunidades planificadas mas nuevas mezcladas con vecindarios mas antiguos de viviendas unifamiliar,1,Aprobacion del HOA en Cutler Bay,es,https://brokeandfixed.com/es/hoa-renovation-guide/cutler-bay,,FAQPage | Article | BreadcrumbList,2,1,16,650,1/2 images missing alt,
https://brokeandfixed.com/en/hoa-renovation-guide/kendale-lakes,200,https://brokeandfixed.com/en/hoa-renovation-guide/kendale-lakes,HOA Renovation Approval in Kendale Lakes | 2026 Guide,Kendale Lakes is an established West Kendall community with homes from the 1970s and 1980s. HOA presence is mixed. Some sections have active HOAs with standard,1,HOA Approval in Kendale Lakes,en,https://brokeandfixed.com/en/hoa-renovation-guide/kendale-lakes,,FAQPage | Article | BreadcrumbList,2,1,16,543,1/2 images missing alt,
https://brokeandfixed.com/es/hoa-renovation-guide/kendale-lakes,200,https://brokeandfixed.com/es/hoa-renovation-guide/kendale-lakes,Aprobacion del HOA para Renovaciones en Kendale Lakes | Guia 2026,Kendale Lakes es una comunidad establecida de West Kendall con casas de los anos 70 y 80. La presencia del HOA es mixta. Algunas secciones tienen HOAs activos c,1,Aprobacion del HOA en Kendale Lakes,es,https://brokeandfixed.com/es/hoa-renovation-guide/kendale-lakes,,FAQPage | Article | BreadcrumbList,2,1,16,605,1/2 images missing alt,
https://brokeandfixed.com/en/gallery,200,https://brokeandfixed.com/en/gallery,Project Gallery | Broke & Fixed Home Solutions,"See our remodeling projects across Miami-Dade. Before and after kitchens, bathrooms, painting, and more.",1,Our Projects,en,https://brokeandfixed.com/en/gallery,,BreadcrumbList,4,1,8,92,hreflang incomplete; 1/4 images missing alt; thin visible text 92,
https://brokeandfixed.com/es/gallery,200,https://brokeandfixed.com/es/gallery,Galeria de Proyectos | Broke & Fixed Home Solutions,"Vea nuestros proyectos de remodelacion en Miami-Dade. Antes y despues de cocinas, banos, pintura y mas.",1,Nuestros Proyectos,es,https://brokeandfixed.com/es/gallery,,BreadcrumbList,4,1,8,96,hreflang incomplete; 1/4 images missing alt; thin visible text 96,
https://brokeandfixed.com/en/gallery/two-tone-kitchen-lakes-meadows,200,https://brokeandfixed.com/en/gallery/two-tone-kitchen-lakes-meadows,Two-Tone Kitchen Renovation | Gallery | Broke & Fixed,kitchen project in Lakes of the Meadow. 5 photos showing the full transformation.,1,Two-Tone Kitchen Renovation,en,https://brokeandfixed.com/en/gallery/two-tone-kitchen-lakes-meadows,,BreadcrumbList,6,1,6,95,1/6 images missing alt; thin visible text 95,
https://brokeandfixed.com/es/gallery/two-tone-kitchen-lakes-meadows,200,https://brokeandfixed.com/es/gallery/two-tone-kitchen-lakes-meadows,Two-Tone Kitchen Renovation | Galeria | Broke & Fixed,kitchen project in Lakes of the Meadow. 5 photos showing the full transformation.,1,Two-Tone Kitchen Renovation,es,https://brokeandfixed.com/es/gallery/two-tone-kitchen-lakes-meadows,,BreadcrumbList,6,1,6,97,1/6 images missing alt; thin visible text 97,
https://brokeandfixed.com/en/gallery/green-tiles-bathroom-kendall,200,https://brokeandfixed.com/en/gallery/green-tiles-bathroom-kendall,Green Slate & Hexagon Floor Bathroom Remodel | Gallery | Broke & Fixed,bathroom project in Kendall. 1 photos showing the full transformation.,1,Green Slate & Hexagon Floor Bathroom Remodel,en,https://brokeandfixed.com/en/gallery/green-tiles-bathroom-kendall,,BreadcrumbList,2,1,6,88,title length 70; description length 70; 1/2 images missing alt; thin visible text 88,
https://brokeandfixed.com/es/gallery/green-tiles-bathroom-kendall,200,https://brokeandfixed.com/es/gallery/green-tiles-bathroom-kendall,Green Slate & Hexagon Floor Bathroom Remodel | Galeria | Broke & Fixed,bathroom project in Kendall. 1 photos showing the full transformation.,1,Green Slate & Hexagon Floor Bathroom Remodel,es,https://brokeandfixed.com/es/gallery/green-tiles-bathroom-kendall,,BreadcrumbList,2,1,6,89,title length 70; description length 70; 1/2 images missing alt; thin visible text 89,
https://brokeandfixed.com/en/gallery/glenvar-heights-bathroom-remodel,200,https://brokeandfixed.com/en/gallery/glenvar-heights-bathroom-remodel,Full Spa Bath Transformation | Gallery | Broke & Fixed,bathroom project in Glenvar Heights. 7 photos showing the full transformation.,1,Full Spa Bath Transformation,en,https://brokeandfixed.com/en/gallery/glenvar-heights-bathroom-remodel,,BreadcrumbList,8,1,6,91,description length 78; 1/8 images missing alt; thin visible text 91,
https://brokeandfixed.com/es/gallery/glenvar-heights-bathroom-remodel,200,https://brokeandfixed.com/es/gallery/glenvar-heights-bathroom-remodel,Full Spa Bath Transformation | Galeria | Broke & Fixed,bathroom project in Glenvar Heights. 7 photos showing the full transformation.,1,Full Spa Bath Transformation,es,https://brokeandfixed.com/es/gallery/glenvar-heights-bathroom-remodel,,BreadcrumbList,8,1,6,93,description length 78; 1/8 images missing alt; thin visible text 93,
https://brokeandfixed.com/en/cost/bathroom-remodeling,200,https://brokeandfixed.com/en/cost/bathroom-remodeling,Bathroom Remodeling Cost in Miami (2026 Guide),"Bathroom remodeling in Miami costs $8,000 to $35,000 in 2026. See real pricing for tile, showers, vanities, and full gut renovations from a local remodeling team.",1,How Much Does Bathroom Remodeling Cost in Miami?,en,https://brokeandfixed.com/en/cost/bathroom-remodeling,,Article | FAQPage | BreadcrumbList,1,1,12,2795,1/1 images missing alt,
https://brokeandfixed.com/es/cost/remodelacion-de-banos,200,https://brokeandfixed.com/es/cost/remodelacion-de-banos,Costo de Remodelación de Baños en Miami (2026),"La remodelación de baños en Miami cuesta entre $8,000 y $35,000 en 2026. Precios reales de azulejos, duchas, vanidades y renovaciones completas de un equipo local.",1,¿Cuánto Cuesta Remodelar un Baño en Miami?,es,https://brokeandfixed.com/es/cost/remodelacion-de-banos,,Article | FAQPage | BreadcrumbList,1,1,12,2899,1/1 images missing alt,
https://brokeandfixed.com/en/cost/kitchen-remodeling,200,https://brokeandfixed.com/en/cost/kitchen-remodeling,Kitchen Remodeling Cost in Miami (2026 Guide),"Kitchen remodeling in Miami costs $12,000 to $50,000 in 2026. Real pricing for cabinets, countertops, tile, and cabinet painting from a local remodeling team.",1,How Much Does Kitchen Remodeling Cost in Miami?,en,https://brokeandfixed.com/en/cost/kitchen-remodeling,,Article | FAQPage | BreadcrumbList,1,1,12,2959,1/1 images missing alt,
https://brokeandfixed.com/es/cost/remodelacion-de-cocinas,200,https://brokeandfixed.com/es/cost/remodelacion-de-cocinas,Costo de Remodelación de Cocinas en Miami (2026),"La remodelación de cocinas en Miami cuesta entre $12,000 y $50,000 en 2026. Precios reales de gabinetes, encimeras, azulejos y pintura de gabinetes de un equipo local.",1,¿Cuánto Cuesta Remodelar una Cocina en Miami?,es,https://brokeandfixed.com/es/cost/remodelacion-de-cocinas,,Article | FAQPage | BreadcrumbList,1,1,12,3041,1/1 images missing alt,
https://brokeandfixed.com/en/cost/interior-painting,200,https://brokeandfixed.com/en/cost/interior-painting,Interior Painting Cost in Miami (2026 Guide),"Interior painting in Miami costs $2,000 to $8,000 in 2026. See per-room and per-square-foot pricing from a local remodeling team in Miami-Dade County.",1,How Much Does Interior Painting Cost in Miami?,en,https://brokeandfixed.com/en/cost/interior-painting,,Article | FAQPage | BreadcrumbList,1,1,12,2469,1/1 images missing alt,
https://brokeandfixed.com/es/cost/pintura-interior,200,https://brokeandfixed.com/es/cost/pintura-interior,Costo de Pintura Interior en Miami (Guía 2026),"La pintura interior en Miami cuesta entre $2,000 y $8,000 en 2026. Precios por habitación y por pie cuadrado de un equipo de remodelación local en Miami-Dade.",1,¿Cuánto Cuesta la Pintura Interior en Miami?,es,https://brokeandfixed.com/es/cost/pintura-interior,,Article | FAQPage | BreadcrumbList,1,1,12,2534,1/1 images missing alt,
https://brokeandfixed.com/en/cost/exterior-painting,200,https://brokeandfixed.com/en/cost/exterior-painting,Exterior Painting Cost in Miami (2026 Guide),"Exterior painting in Miami costs $3,000 to $12,000 in 2026. Get real pricing for stucco, trim, and pressure washing from a local remodeling team.",1,How Much Does Exterior Painting Cost in Miami?,en,https://brokeandfixed.com/en/cost/exterior-painting,,Article | FAQPage | BreadcrumbList,1,1,12,2423,1/1 images missing alt,
https://brokeandfixed.com/es/cost/pintura-exterior,200,https://brokeandfixed.com/es/cost/pintura-exterior,Costo de Pintura Exterior en Miami (Guía 2026),"La pintura exterior en Miami cuesta entre $3,000 y $12,000 en 2026. Precios reales de estuco, molduras y lavado a presión de un equipo de remodelación local.",1,¿Cuánto Cuesta la Pintura Exterior en Miami?,es,https://brokeandfixed.com/es/cost/pintura-exterior,,Article | FAQPage | BreadcrumbList,1,1,12,2514,1/1 images missing alt,
https://brokeandfixed.com/en/cost/tile-work,200,https://brokeandfixed.com/en/cost/tile-work,Tile Installation Cost in Miami (2026 Guide),"Tile installation in Miami costs $5 to $16 per sq ft in 2026. See pricing for floor tile, shower tile, and backsplash from a local remodeling team.",1,How Much Does Tile Installation Cost in Miami?,en,https://brokeandfixed.com/en/cost/tile-work,,Article | FAQPage | BreadcrumbList,1,1,12,2487,1/1 images missing alt,
https://brokeandfixed.com/es/cost/instalacion-de-pisos,200,https://brokeandfixed.com/es/cost/instalacion-de-pisos,Costo de Instalación de Azulejos en Miami (2026),"La instalación de azulejos en Miami cuesta $5 a $16 por pie² en 2026. Precios de azulejo de piso, ducha y salpicadero de un equipo de remodelación local.",1,¿Cuánto Cuesta la Instalación de Azulejos en Miami?,es,https://brokeandfixed.com/es/cost/instalacion-de-pisos,,Article | FAQPage | BreadcrumbList,1,1,12,2626,1/1 images missing alt,
https://brokeandfixed.com/en/cost/exterior-repairs,200,https://brokeandfixed.com/en/cost/exterior-repairs,Exterior Repairs Cost in Miami (2026 Guide),"Exterior repairs in Miami cost $1,500 to $15,000 in 2026. See pricing for stucco repair, fascia, soffits, and storm damage from a local remodeling team.",1,How Much Do Exterior Repairs Cost in Miami?,en,https://brokeandfixed.com/en/cost/exterior-repairs,,Article | FAQPage | BreadcrumbList,1,1,12,2470,1/1 images missing alt,
https://brokeandfixed.com/es/cost/reparaciones-exteriores,200,https://brokeandfixed.com/es/cost/reparaciones-exteriores,Costo de Reparaciones Exteriores en Miami (2026),"Las reparaciones exteriores en Miami cuestan $1,500 a $15,000 en 2026. Precios de reparación de estuco, fascia, sofitos y daño de tormenta de un equipo local.",1,¿Cuánto Cuestan las Reparaciones Exteriores en Miami?,es,https://brokeandfixed.com/es/cost/reparaciones-exteriores,,Article | FAQPage | BreadcrumbList,1,1,12,2692,1/1 images missing alt,
https://brokeandfixed.com/en/cost,200,https://brokeandfixed.com/en/cost,Remodeling Cost Guides for Miami | Broke & Fixed Home Solutions,"Real remodeling prices for Miami-Dade: bathrooms, kitchens, painting, tile, and more. Ranges by scope, no surprises.",1,Remodeling Cost Guides,en,https://brokeandfixed.com/en/cost,,BreadcrumbList,1,1,11,140,hreflang incomplete; 1/1 images missing alt; thin visible text 140,
https://brokeandfixed.com/es/cost,200,https://brokeandfixed.com/es/cost,Guias de Costos de Remodelacion en Miami | Broke & Fixed Home Solutions,"Precios reales de remodelacion en Miami-Dade: banos, cocinas, pintura, azulejo y mas. Rangos por alcance, sin sorpresas.",1,Guias de Costos de Remodelacion,es,https://brokeandfixed.com/es/cost,,BreadcrumbList,1,1,11,157,title length 71; hreflang incomplete; 1/1 images missing alt; thin visible text 157,
https://brokeandfixed.com/en/guides,200,https://brokeandfixed.com/en/guides,Home Remodeling Guides for Miami | Broke & Fixed Home Solutions,"Practical remodeling guides for Miami-Dade homes: bathrooms, kitchens, painting, and tile, written by the team that does the work.",1,Home Remodeling Guides,en,https://brokeandfixed.com/en/guides,,BreadcrumbList,1,1,26,308,hreflang incomplete; 1/1 images missing alt,
https://brokeandfixed.com/es/guides,200,https://brokeandfixed.com/es/guides,Guias de Remodelacion para Miami | Broke & Fixed Home Solutions,"Guias practicas de remodelacion para casas de Miami-Dade: banos, cocinas, pintura y azulejo, escritas por el equipo que hace el trabajo.",1,Guias de Remodelacion,es,https://brokeandfixed.com/es/guides,,BreadcrumbList,1,1,26,346,hreflang incomplete; 1/1 images missing alt,
https://brokeandfixed.com/en/guides/small-kitchen-remodel-miami,200,https://brokeandfixed.com/en/guides/small-kitchen-remodel-miami,Small Kitchen Remodel Miami | Ideas + Costs,"Smart small kitchen remodel ideas for Miami homes. Galley layouts, cabinet painting, space-saving tricks, and realistic costs from a local remodeling team.",1,Big Results in a Small Kitchen,en,https://brokeandfixed.com/en/guides/small-kitchen-remodel-miami,,Article | FAQPage | BreadcrumbList | BreadcrumbList,1,1,14,1128,1/1 images missing alt,
https://brokeandfixed.com/es/guides/small-kitchen-remodel-miami,200,https://brokeandfixed.com/es/guides/small-kitchen-remodel-miami,Remodelacion Cocina Pequena Miami | Ideas,"Ideas inteligentes para remodelar cocinas pequenas en Miami. Distribuciones, pintura de gabinetes, trucos para ahorrar espacio y costos realistas.",1,Grandes Resultados en una Cocina Pequena,es,https://brokeandfixed.com/es/guides/small-kitchen-remodel-miami,,Article | FAQPage | BreadcrumbList | BreadcrumbList,1,1,14,965,1/1 images missing alt,
https://brokeandfixed.com/en/guides/kitchen-cabinet-refacing-miami,200,https://brokeandfixed.com/en/guides/kitchen-cabinet-refacing-miami,Cabinet Refacing vs Replacement Miami | Guide,"Should you reface or replace your kitchen cabinets? Cost comparison, timeline, and when each option makes sense for Miami homeowners.",1,Refacing vs Replacement: Which One Is Right for You?,en,https://brokeandfixed.com/en/guides/kitchen-cabinet-refacing-miami,,Article | FAQPage | BreadcrumbList | BreadcrumbList,1,1,13,1039,1/1 images missing alt,
https://brokeandfixed.com/es/guides/kitchen-cabinet-refacing-miami,200,https://brokeandfixed.com/es/guides/kitchen-cabinet-refacing-miami,Revestimiento vs Reemplazo Gabinetes Miami,Deberias revestir o reemplazar tus gabinetes de cocina? Comparacion de costos y cuando cada opcion tiene sentido para propietarios de Miami.,1,Revestimiento vs Reemplazo: Cual Es el Correcto para Ti?,es,https://brokeandfixed.com/es/guides/kitchen-cabinet-refacing-miami,,Article | FAQPage | BreadcrumbList | BreadcrumbList,1,1,13,764,1/1 images missing alt,
https://brokeandfixed.com/en/guides/kitchen-cabinet-painting-miami,200,https://brokeandfixed.com/en/guides/kitchen-cabinet-painting-miami,"Cabinet Painting Miami | Cost, Process, Colors","Professional cabinet painting in Miami costs $3,000 to $6,000 and transforms your kitchen. Process, best paints for humidity, 2026 color trends, and more.",1,Transform Your Kitchen for a Fraction of the Cost,en,https://brokeandfixed.com/en/guides/kitchen-cabinet-painting-miami,,Article | FAQPage | BreadcrumbList | BreadcrumbList,1,1,13,1195,1/1 images missing alt,
https://brokeandfixed.com/es/guides/kitchen-cabinet-painting-miami,200,https://brokeandfixed.com/es/guides/kitchen-cabinet-painting-miami,Pintura de Gabinetes Miami | Costo y Proceso,"La pintura profesional de gabinetes en Miami cuesta $3,000 a $6,000 y transforma tu cocina. Proceso, mejores pinturas para humedad, tendencias 2026.",1,Transforma Tu Cocina por una Fraccion del Costo,es,https://brokeandfixed.com/es/guides/kitchen-cabinet-painting-miami,,Article | FAQPage | BreadcrumbList | BreadcrumbList,1,1,13,837,1/1 images missing alt,
https://brokeandfixed.com/en/guides/kitchen-countertop-guide-miami,200,https://brokeandfixed.com/en/guides/kitchen-countertop-guide-miami,Best Kitchen Countertops Miami | Quartz vs Granite,"Quartz, granite, or marble for your Miami kitchen? Compare costs, durability, and which materials handle South Florida's humidity best.",1,Choosing the Right Countertop for Miami's Climate,en,https://brokeandfixed.com/en/guides/kitchen-countertop-guide-miami,,Article | FAQPage | BreadcrumbList | BreadcrumbList,1,1,13,1006,1/1 images missing alt,
https://brokeandfixed.com/es/guides/kitchen-countertop-guide-miami,200,https://brokeandfixed.com/es/guides/kitchen-countertop-guide-miami,Mejores Encimeras Cocina Miami | Cuarzo vs Granito,"Cuarzo, granito o marmol para tu cocina de Miami? Compara costos, durabilidad y que materiales manejan mejor la humedad del sur de Florida.",1,Eligiendo la Encimera Correcta para el Clima de Miami,es,https://brokeandfixed.com/es/guides/kitchen-countertop-guide-miami,,Article | FAQPage | BreadcrumbList | BreadcrumbList,1,1,13,666,1/1 images missing alt,
https://brokeandfixed.com/en/guides/open-concept-kitchen-miami,200,https://brokeandfixed.com/en/guides/open-concept-kitchen-miami,Open Concept Kitchen Miami | Wall Removal Guide,"Thinking about opening up your kitchen? What it costs, structural considerations, and what to expect when removing walls in Miami homes.",1,Open Up Your Kitchen. Open Up Your Home.,en,https://brokeandfixed.com/en/guides/open-concept-kitchen-miami,,Article | FAQPage | BreadcrumbList | BreadcrumbList,1,1,14,1083,1/1 images missing alt,
https://brokeandfixed.com/es/guides/open-concept-kitchen-miami,200,https://brokeandfixed.com/es/guides/open-concept-kitchen-miami,Cocina Concepto Abierto Miami | Guia,"Pensando en abrir tu cocina? Costos, consideraciones estructurales y que esperar al remover paredes en casas de Miami.",1,Abre Tu Cocina. Abre Tu Hogar.,es,https://brokeandfixed.com/es/guides/open-concept-kitchen-miami,,Article | FAQPage | BreadcrumbList | BreadcrumbList,1,1,14,718,1/1 images missing alt,
https://brokeandfixed.com/en/guides/kitchen-remodel-timeline,200,https://brokeandfixed.com/en/guides/kitchen-remodel-timeline,Kitchen Remodel Timeline Miami | Week by Week,"How long does a kitchen remodel take? A realistic week-by-week timeline for Miami homeowners, from planning to final walkthrough.",1,How Long Does a Kitchen Remodel Actually Take?,en,https://brokeandfixed.com/en/guides/kitchen-remodel-timeline,,Article | FAQPage | BreadcrumbList | BreadcrumbList,1,1,12,920,1/1 images missing alt,
https://brokeandfixed.com/es/guides/kitchen-remodel-timeline,200,https://brokeandfixed.com/es/guides/kitchen-remodel-timeline,Cronograma Remodelacion Cocina Miami,Cuanto tiempo toma una remodelacion de cocina? Un cronograma realista semana por semana para propietarios de Miami.,1,Cuanto Tiempo Realmente Toma Remodelar una Cocina?,es,https://brokeandfixed.com/es/guides/kitchen-remodel-timeline,,Article | FAQPage | BreadcrumbList | BreadcrumbList,1,1,12,630,1/1 images missing alt,
https://brokeandfixed.com/en/guides/kitchen-backsplash-ideas-miami,200,https://brokeandfixed.com/en/guides/kitchen-backsplash-ideas-miami,Kitchen Backsplash Ideas Miami | Tile + Costs,"Kitchen backsplash tile ideas that work in Miami. Subway tile, herringbone, large format, and natural stone. Costs and what holds up best.",1,The Right Backsplash Ties Your Whole Kitchen Together,en,https://brokeandfixed.com/en/guides/kitchen-backsplash-ideas-miami,,Article | FAQPage | BreadcrumbList | BreadcrumbList,1,1,13,976,1/1 images missing alt,
https://brokeandfixed.com/es/guides/kitchen-backsplash-ideas-miami,200,https://brokeandfixed.com/es/guides/kitchen-backsplash-ideas-miami,Ideas Salpicadero Cocina Miami | Azulejo,"Ideas de azulejo para salpicadero de cocina en Miami. Subway, espiga, gran formato y piedra natural. Costos y que resiste mejor.",1,El Salpicadero Correcto Une Toda Tu Cocina,es,https://brokeandfixed.com/es/guides/kitchen-backsplash-ideas-miami,,Article | FAQPage | BreadcrumbList | BreadcrumbList,1,1,13,663,1/1 images missing alt,
https://brokeandfixed.com/en/guides/kitchen-remodel-roi-miami,200,https://brokeandfixed.com/en/guides/kitchen-remodel-roi-miami,Kitchen Remodel ROI Miami | Home Value Guide,"Does a kitchen remodel increase your Miami home value? ROI data, which upgrades add the most value, and why cabinet painting is the smartest investment.",1,Which Kitchen Upgrades Actually Pay You Back?,en,https://brokeandfixed.com/en/guides/kitchen-remodel-roi-miami,,Article | FAQPage | BreadcrumbList | BreadcrumbList,1,1,13,1010,1/1 images missing alt,
https://brokeandfixed.com/es/guides/kitchen-remodel-roi-miami,200,https://brokeandfixed.com/es/guides/kitchen-remodel-roi-miami,ROI Remodelacion Cocina Miami | Valor de Casa,"Una remodelacion de cocina aumenta el valor de tu casa en Miami? Datos de ROI, que mejoras agregan mas valor y por que pintar gabinetes es la inversion mas inteligente.",1,Que Mejoras de Cocina Realmente Te Devuelven el Dinero?,es,https://brokeandfixed.com/es/guides/kitchen-remodel-roi-miami,,Article | FAQPage | BreadcrumbList | BreadcrumbList,1,1,13,727,1/1 images missing alt,
https://brokeandfixed.com/en/guides/walk-in-shower-conversion-miami,200,https://brokeandfixed.com/en/guides/walk-in-shower-conversion-miami,Walk-In Shower Conversion in Miami (2026 Cost & Process),"Walk-in shower conversions in Miami cost $4,500 to $12,000 depending on size, glass, and waterproofing. See the full process, frameless options, and what to expect from a local remodeling team.",1,Walk-In Shower Conversions for Miami Homes,en,https://brokeandfixed.com/en/guides/walk-in-shower-conversion-miami,,Article | FAQPage | BreadcrumbList | BreadcrumbList,1,1,13,1537,description length 193; 1/1 images missing alt,
https://brokeandfixed.com/es/guides/walk-in-shower-conversion-miami,200,https://brokeandfixed.com/es/guides/walk-in-shower-conversion-miami,Conversion a Ducha Sin Puerta en Miami (Costos y Proceso 2026),"Las conversiones a ducha sin puerta en Miami cuestan entre $4,500 y $12,000. Conoce el proceso completo, opciones de vidrio y que esperar de un equipo local de remodelacion.",1,Conversiones a Ducha Sin Puerta para Hogares en Miami,es,https://brokeandfixed.com/es/guides/walk-in-shower-conversion-miami,,Article | FAQPage | BreadcrumbList | BreadcrumbList,1,1,13,1579,description length 173; 1/1 images missing alt,
https://brokeandfixed.com/en/guides/small-bathroom-remodel-miami,200,https://brokeandfixed.com/en/guides/small-bathroom-remodel-miami,Small Bathroom Remodel in Miami (2026 Ideas & Costs),"Small bathroom remodels in Miami cost $6,000 to $15,000. Space-saving ideas, floating vanities, glass enclosures, and smart layouts from a local remodeling team.",1,Small Bathroom Remodel Ideas That Work in Miami,en,https://brokeandfixed.com/en/guides/small-bathroom-remodel-miami,,Article | FAQPage | BreadcrumbList | BreadcrumbList,1,1,13,1610,1/1 images missing alt,
https://brokeandfixed.com/es/guides/small-bathroom-remodel-miami,200,https://brokeandfixed.com/es/guides/small-bathroom-remodel-miami,Remodelacion de Banos Pequenos en Miami (Ideas y Costos 2026),"Remodelar un bano pequeno en Miami cuesta entre $6,000 y $15,000. Ideas para ahorrar espacio, vanidades flotantes, cristales y disenos inteligentes de un equipo local.",1,Ideas para Remodelar Banos Pequenos que Funcionan en Miami,es,https://brokeandfixed.com/es/guides/small-bathroom-remodel-miami,,Article | FAQPage | BreadcrumbList | BreadcrumbList,1,1,13,1564,1/1 images missing alt,
https://brokeandfixed.com/en/guides/master-bathroom-remodel-miami,200,https://brokeandfixed.com/en/guides/master-bathroom-remodel-miami,Master Bathroom Remodel in Miami (2026 Planning & Costs),"Master bathroom remodels in Miami cost $14,000 to $28,000 for most projects. Planning guide with double vanity options, shower upgrades, and realistic budgets from a local remodeling team.",1,Planning Your Master Bathroom Remodel in Miami,en,https://brokeandfixed.com/en/guides/master-bathroom-remodel-miami,,Article | FAQPage | BreadcrumbList | BreadcrumbList,1,1,13,1624,description length 188; 1/1 images missing alt,
https://brokeandfixed.com/es/guides/master-bathroom-remodel-miami,200,https://brokeandfixed.com/es/guides/master-bathroom-remodel-miami,Remodelacion de Bano Principal en Miami (Planificacion y Costos 2026),"La remodelacion de bano principal en Miami cuesta entre $14,000 y $28,000. Guia de planificacion con opciones de doble vanidad, mejoras de ducha y presupuestos realistas de un equipo local.",1,Planifica tu Remodelacion de Bano Principal en Miami,es,https://brokeandfixed.com/es/guides/master-bathroom-remodel-miami,,Article | FAQPage | BreadcrumbList | BreadcrumbList,1,1,13,1544,title length 69; description length 189; 1/1 images missing alt,
https://brokeandfixed.com/en/guides/bathroom-tile-ideas-miami,200,https://brokeandfixed.com/en/guides/bathroom-tile-ideas-miami,Bathroom Tile Ideas Miami (2026 Trends That Last),"Top bathroom tile trends for 2026 that survive Miami humidity. Porcelain, large-format, zellige, and wood-look options. Honest advice from a local remodeling team.",1,Bathroom Tile Ideas That Work in Miami,en,https://brokeandfixed.com/en/guides/bathroom-tile-ideas-miami,,Article | FAQPage | BreadcrumbList | BreadcrumbList,1,1,13,1682,1/1 images missing alt,
https://brokeandfixed.com/es/guides/bathroom-tile-ideas-miami,200,https://brokeandfixed.com/es/guides/bathroom-tile-ideas-miami,Ideas de Azulejo para Banos en Miami (Tendencias 2026 que Duran),"Tendencias de azulejo para banos 2026 que sobreviven la humedad de Miami. Porcelanato, gran formato, zellige y opciones tipo madera. Consejos honestos de un equipo local.",1,Ideas de Azulejo para Banos que Funcionan en Miami,es,https://brokeandfixed.com/es/guides/bathroom-tile-ideas-miami,,Article | FAQPage | BreadcrumbList | BreadcrumbList,1,1,13,1620,1/1 images missing alt,
https://brokeandfixed.com/en/guides/ada-bathroom-remodel-miami,200,https://brokeandfixed.com/en/guides/ada-bathroom-remodel-miami,ADA Bathroom Remodel Miami (Aging in Place Guide 2026),"ADA-compliant and aging-in-place bathroom remodels in Miami. Curbless showers, grab bars, wider doorways, and non-slip tile. Practical guide from a local remodeling team.",1,ADA Bathroom Remodels for Aging in Place in Miami,en,https://brokeandfixed.com/en/guides/ada-bathroom-remodel-miami,,Article | FAQPage | BreadcrumbList | BreadcrumbList,1,1,13,1551,1/1 images missing alt,
https://brokeandfixed.com/es/guides/ada-bathroom-remodel-miami,200,https://brokeandfixed.com/es/guides/ada-bathroom-remodel-miami,Remodelacion de Bano ADA en Miami (Guia para Envejecer en Casa 2026),"Remodelaciones de bano accesibles ADA y para envejecer en casa en Miami. Duchas sin borde, barras de apoyo, puertas mas anchas y azulejo antideslizante. Guia practica de un equipo local.",1,Remodelaciones de Bano ADA para Envejecer en Casa en Miami,es,https://brokeandfixed.com/es/guides/ada-bathroom-remodel-miami,,Article | FAQPage | BreadcrumbList | BreadcrumbList,1,1,13,1460,title length 68; description length 186; 1/1 images missing alt,
https://brokeandfixed.com/en/guides/bathroom-remodel-timeline,200,https://brokeandfixed.com/en/guides/bathroom-remodel-timeline,Bathroom Remodel Timeline (Realistic 2-4 Week Schedule),"A realistic bathroom remodel timeline is 2 to 4 weeks. See the day-by-day breakdown for demolition, plumbing, tile, and fixtures from a local Miami remodeling team.",1,How Long Does a Bathroom Remodel Actually Take?,en,https://brokeandfixed.com/en/guides/bathroom-remodel-timeline,,Article | FAQPage | BreadcrumbList | BreadcrumbList,1,1,13,1731,1/1 images missing alt,
https://brokeandfixed.com/es/guides/bathroom-remodel-timeline,200,https://brokeandfixed.com/es/guides/bathroom-remodel-timeline,Cronograma de Remodelacion de Bano (2 a 4 Semanas Realista),"Un cronograma realista de remodelacion de bano es de 2 a 4 semanas. Mira el desglose dia por dia de demolicion, plomeria, azulejo y accesorios de un equipo local en Miami.",1,Cuanto Tiempo Toma Realmente una Remodelacion de Bano?,es,https://brokeandfixed.com/es/guides/bathroom-remodel-timeline,,Article | FAQPage | BreadcrumbList | BreadcrumbList,1,1,13,1642,description length 171; 1/1 images missing alt,
https://brokeandfixed.com/en/guides/bathtub-to-shower-conversion,200,https://brokeandfixed.com/en/guides/bathtub-to-shower-conversion,Bathtub to Shower Conversion ($3K-$5K Add-On Cost Guide),"Bathtub to shower conversions cost $3,000 to $5,000 as an add-on to a bathroom remodel. Tub removal process, cost breakdown, and what to expect from a Miami remodeling team.",1,"Bathtub to Shower Conversion: Cost, Process, and What to Know",en,https://brokeandfixed.com/en/guides/bathtub-to-shower-conversion,,Article | FAQPage | BreadcrumbList | BreadcrumbList,1,1,13,1778,description length 173; 1/1 images missing alt,
https://brokeandfixed.com/es/guides/bathtub-to-shower-conversion,200,https://brokeandfixed.com/es/guides/bathtub-to-shower-conversion,Conversion de Tina a Ducha (Guia de Costos $3K-$5K Adicional),"La conversion de tina a ducha cuesta $3,000 a $5,000 como adicional a una remodelacion de bano. Proceso de remocion, desglose de costos y que esperar de un equipo de remodelacion en Miami.",1,"Conversion de Tina a Ducha: Costo, Proceso y Que Saber",es,https://brokeandfixed.com/es/guides/bathtub-to-shower-conversion,,Article | FAQPage | BreadcrumbList | BreadcrumbList,1,1,13,1695,description length 188; 1/1 images missing alt,
https://brokeandfixed.com/en/guides/home-remodel-financing-miami,200,https://brokeandfixed.com/en/guides/home-remodel-financing-miami,Home Remodel Financing Miami | Options Guide,Not everyone has cash on hand for a remodel. Here are the most common financing options Miami homeowners use and what to watch out for.,1,Your Dream Kitchen Does Not Require Cash Up Front,en,https://brokeandfixed.com/en/guides/home-remodel-financing-miami,,Article | FAQPage | BreadcrumbList | BreadcrumbList,1,1,13,887,1/1 images missing alt,
https://brokeandfixed.com/es/guides/home-remodel-financing-miami,200,https://brokeandfixed.com/es/guides/home-remodel-financing-miami,Financiamiento Remodelacion Miami | Opciones,No todos tienen efectivo para una remodelacion. Estas son las opciones de financiamiento mas comunes que usan los propietarios de Miami.,1,Tu Cocina Sonada No Requiere Efectivo por Adelantado,es,https://brokeandfixed.com/es/guides/home-remodel-financing-miami,,Article | FAQPage | BreadcrumbList | BreadcrumbList,1,1,13,636,1/1 images missing alt,
https://brokeandfixed.com/en/guides/hurricane-ready-home-upgrades,200,https://brokeandfixed.com/en/guides/hurricane-ready-home-upgrades,Hurricane Home Upgrades Miami | Storm Prep,Hurricane season runs June through November. These home upgrades protect your property and increase your home value at the same time.,1,Protect Your Home Before Storm Season,en,https://brokeandfixed.com/en/guides/hurricane-ready-home-upgrades,,Article | FAQPage | BreadcrumbList | BreadcrumbList,1,1,13,873,1/1 images missing alt,
https://brokeandfixed.com/es/guides/hurricane-ready-home-upgrades,200,https://brokeandfixed.com/es/guides/hurricane-ready-home-upgrades,Mejoras del Hogar para Huracanes Miami,La temporada de huracanes va de junio a noviembre. Estas mejoras protegen tu propiedad y aumentan el valor de tu hogar.,1,Protege Tu Casa Antes de la Temporada de Tormentas,es,https://brokeandfixed.com/es/guides/hurricane-ready-home-upgrades,,Article | FAQPage | BreadcrumbList | BreadcrumbList,1,1,13,610,1/1 images missing alt,
https://brokeandfixed.com/en/guides/hoa-remodeling-rules-miami,200,https://brokeandfixed.com/en/guides/hoa-remodeling-rules-miami,HOA Remodeling Rules Miami-Dade | Guide,"Before you start any remodel in an HOA community, read this. Common restrictions, approval process, and tips for smooth projects in Miami-Dade.",1,Remodeling in an HOA? Read This First.,en,https://brokeandfixed.com/en/guides/hoa-remodeling-rules-miami,,Article | FAQPage | BreadcrumbList | BreadcrumbList,1,1,14,891,1/1 images missing alt,
https://brokeandfixed.com/es/guides/hoa-remodeling-rules-miami,200,https://brokeandfixed.com/es/guides/hoa-remodeling-rules-miami,Reglas HOA Remodelacion Miami-Dade,"Antes de comenzar cualquier remodelacion en una comunidad HOA, lee esto. Restricciones comunes, proceso de aprobacion y consejos.",1,Remodelando en una HOA? Lee Esto Primero.,es,https://brokeandfixed.com/es/guides/hoa-remodeling-rules-miami,,Article | FAQPage | BreadcrumbList | BreadcrumbList,1,1,14,664,1/1 images missing alt,
https://brokeandfixed.com/en/guides/before-after-remodeling-miami,200,https://brokeandfixed.com/en/guides/before-after-remodeling-miami,Before After Remodeling Miami | Real Projects,"Real before and after home remodeling projects from across Miami-Dade. Kitchens, bathrooms, painting, and more with costs and details.",1,See What a Remodel Actually Looks Like,en,https://brokeandfixed.com/en/guides/before-after-remodeling-miami,,Article | FAQPage | BreadcrumbList | BreadcrumbList,1,1,14,861,1/1 images missing alt,
https://brokeandfixed.com/es/guides/before-after-remodeling-miami,200,https://brokeandfixed.com/es/guides/before-after-remodeling-miami,Antes Despues Remodelacion Miami | Proyectos,"Proyectos reales de remodelacion del hogar de antes y despues de todo Miami-Dade. Cocinas, banos, pintura y mas con costos y detalles.",1,Mira Como Se Ve Realmente una Remodelacion,es,https://brokeandfixed.com/es/guides/before-after-remodeling-miami,,Article | FAQPage | BreadcrumbList | BreadcrumbList,1,1,14,630,1/1 images missing alt,
https://brokeandfixed.com/en/guides/remodeling-vs-moving-miami,200,https://brokeandfixed.com/en/guides/remodeling-vs-moving-miami,Remodeling vs Moving Miami 2026 | Decision Guide,"With Miami home prices still high, should you remodel or move? The math, the emotions, and when each option makes sense.",1,"Stay and Remodel, or Sell and Move?",en,https://brokeandfixed.com/en/guides/remodeling-vs-moving-miami,,Article | FAQPage | BreadcrumbList | BreadcrumbList,1,1,15,939,1/1 images missing alt,
https://brokeandfixed.com/es/guides/remodeling-vs-moving-miami,200,https://brokeandfixed.com/es/guides/remodeling-vs-moving-miami,Remodelar vs Mudarse Miami 2026 | Guia,"Con los precios de casas en Miami aun altos, deberias remodelar o mudarte? Los numeros, las emociones y cuando cada opcion tiene sentido.",1,"Quedarse y Remodelar, o Vender y Mudarse?",es,https://brokeandfixed.com/es/guides/remodeling-vs-moving-miami,,Article | FAQPage | BreadcrumbList | BreadcrumbList,1,1,15,649,1/1 images missing alt,
https://brokeandfixed.com/en/guides/2026-home-remodeling-trends,200,https://brokeandfixed.com/en/guides/2026-home-remodeling-trends,2026 Home Remodeling Trends South Florida,"What's trending in South Florida home remodeling for 2026? Cabinet painting, walk-in showers, large-format tile, and more. What we see on the ground.",1,What Miami Homeowners Are Remodeling in 2026,en,https://brokeandfixed.com/en/guides/2026-home-remodeling-trends,,Article | FAQPage | BreadcrumbList | BreadcrumbList,1,1,15,989,1/1 images missing alt,
https://brokeandfixed.com/es/guides/2026-home-remodeling-trends,200,https://brokeandfixed.com/es/guides/2026-home-remodeling-trends,Tendencias Remodelacion 2026 Sur de Florida,"Que esta de moda en remodelacion del hogar en el sur de Florida para 2026? Pintura de gabinetes, duchas abiertas, azulejo de gran formato y mas.",1,Que Estan Remodelando los Propietarios de Miami en 2026,es,https://brokeandfixed.com/es/guides/2026-home-remodeling-trends,,Article | FAQPage | BreadcrumbList | BreadcrumbList,1,1,15,715,1/1 images missing alt,
https://brokeandfixed.com/en/cabinet-painting,200,https://brokeandfixed.com/en/cabinet-painting,"Kitchen Cabinet Painting Miami | From $3,000 | Broke & Fixed","Transform your kitchen for a fraction of the cost of new cabinets. Professional cabinet painting from $3,000. Fully insured, family owned. Call (786) 363-7039.",1,"A $25,000 Kitchen Look. For Under $6,000.",en,https://brokeandfixed.com/en/cabinet-painting,,Service | FAQPage | BreadcrumbList,1,1,6,1379,1/1 images missing alt,
https://brokeandfixed.com/es/cabinet-painting,200,https://brokeandfixed.com/es/cabinet-painting,"Pintura de Gabinetes de Cocina en Miami | Desde $3,000 | Broke & Fixed","Transforme su cocina por una fraccion del costo de gabinetes nuevos. Pintura profesional de gabinetes desde $3,000. Completamente asegurados, empresa familiar. Llame (786) 363-7039.",1,"Una Cocina de $25,000. Por Menos de $6,000.",es,https://brokeandfixed.com/es/cabinet-painting,,Service | FAQPage | BreadcrumbList,1,1,6,1447,title length 70; description length 181; 1/1 images missing alt,
https://brokeandfixed.com/en/premium-bathroom,200,https://brokeandfixed.com/en/premium-bathroom,Premium Bathroom Remodel Miami | From $8K | Broke & Fixed Home Solutions,"A bathroom that looks like it cost $50,000. For way less. Walk-in showers, frameless glass, large format tile, floating vanities. Starting at $8K. Family owned, fully insured. (786) 363-7039.",1,"A $50,000 Bathroom. Without the $50,000 Price Tag.",en,https://brokeandfixed.com/en/premium-bathroom,,Service | FAQPage | BreadcrumbList | BreadcrumbList,1,1,7,1246,title length 72; description length 191; 1/1 images missing alt,
https://brokeandfixed.com/es/premium-bathroom,200,https://brokeandfixed.com/es/premium-bathroom,Remodelacion de Bano Premium en Miami | Desde $8K | Broke & Fixed,"Un bano que parece de $50,000 por mucho menos. Duchas abiertas con vidrio, azulejo de gran formato, vanidades flotantes. Desde $8K. Empresa familiar, completamente asegurada. (786) 363-7039.",1,"Un Bano de $50,000. Sin el Precio de $50,000.",es,https://brokeandfixed.com/es/premium-bathroom,,Service | FAQPage | BreadcrumbList | BreadcrumbList,1,1,7,1239,description length 190; 1/1 images missing alt,
https://brokeandfixed.com/en/home-security,200,https://brokeandfixed.com/en/home-security,"Home Security Miami | Eufy Cameras, No Monthly Fee | Broke & Fixed Home Solutions","Protect your Miami home with Eufy security cameras and smart locks. No monthly fees, no contracts. Local storage, solar-powered, built for Florida heat. Starting at $149.",1,Protect Your Home. No Monthly Fees. No Contracts.,en,https://brokeandfixed.com/en/home-security,,WebPage | FAQPage | BreadcrumbList | BreadcrumbList,7,1,6,1345,title length 81; 1/7 images missing alt,
https://brokeandfixed.com/es/home-security,200,https://brokeandfixed.com/es/home-security,Seguridad para el Hogar en Miami | Camaras Eufy Sin Mensualidad | Broke & Fixed,"Protege tu hogar en Miami con camaras Eufy. Sin contrato mensual. Sin cuota de suscripcion. Almacenamiento local, solar, resistente al calor de Florida. Desde $149.",1,Protege Tu Hogar. Sin Mensualidad. Sin Contratos.,es,https://brokeandfixed.com/es/home-security,,WebPage | FAQPage | BreadcrumbList | BreadcrumbList,7,1,6,1434,title length 79; 1/7 images missing alt,
